avg_speed_kmh,tyre_wear_pct,track_temp_c,wind_speed_mps,pit_stop_flag,lap_time_sec
174.577,27.026,31.524,2.27,0,75.822
172.009,32.162,24.8,1.936,1,88.448
185.208,27.187,33.752,3.037,1,87.322
183.022,42.911,34.703,2.728,1,86.379
163.143,36.438,20.245,1.583,1,86.942
193.472,22.54,23.489,2.654,0,70.306
178.87,22.456,30.639,0.796,0,73.166
166.669,28.758,28.419,0.294,0,77.83
194.265,18.296,29.916,1.774,1,80.166
187.508,34.33,25.735,2.493,0,72.857
164.825,27.893,34.397,0.031,0,79.236
201.326,27.052,33.889,2.845,0,70.887
187.906,30.496,30.33,2.916,0,74.399
179.878,38.783,35.636,2.056,1,85.561
199.083,26.368,32.338,0.959,1,81.242
181.912,24.096,25.704,0.825,0,75.512
179.663,37.07,31.844,3.231,1,87.398
172.076,32.74,25.206,0.187,1,88.175
186.982,22.432,34.392,3.277,1,83.867
185.719,25.041,29.75,1.802,0,73.481
180.176,26.563,29.076,1.885,1,85.041
170.52,27.895,26.595,0.05,0,77.534
181.559,14.147,36.113,1.824,1,89.047
179.162,12.66,29.227,2.736,0,74.352
163.998,17.901,27.858,0.396,1,87.985
162.338,17.282,28.239,2.598,0,73.988
186.782,19.849,32.662,2.107,1,82.982
148.777,30.078,31.827,1.227,1,94.282
182.465,23.649,32.064,3.026,0,72.743
174.263,26.571,32.154,0.643,1,87.19
195.699,15.206,40.708,2.416,1,84.308
174.078,21.307,27.968,3.943,0,76.921
187.914,29.698,27.439,3.728,0,72.89
175.237,29.76,25.931,2.468,1,86.854
181.365,19.203,33.08,1.638,1,86.046
188.842,26.293,35.645,1.237,1,84.415
174.449,42.591,29.43,1.636,1,87.737
191.959,24.859,25.799,2.653,1,84.523
168.076,19.455,25.878,1.031,0,76.23
183.535,23.61,33.253,2.909,0,76.401
191.072,25.737,33.716,4.56,0,73.164
187.92,23.791,32.716,1.926,0,74.419
202.997,24.749,26.672,0.387,1,80.794
170.839,13.452,31.161,0.386,1,88.044
163.45,17.299,30.583,2.932,0,76.078
168.068,23.805,31.093,1.928,1,89.005
187.925,23.678,34.357,3.052,0,73.938
185.975,20.47,31.118,1.36,0,73.168
181.227,23.584,33.395,2.997,1,89.153
166.525,25.488,30.338,1.81,1,90.585
189.202,32.115,31.446,1.121,1,86.655
165.304,24.206,33.156,1.519,0,78.073
193.907,28.193,22.714,0.564,1,85.84
214.289,20.667,28.402,4.387,1,78.164
184.397,29.577,27.648,1.884,0,75.41
186.997,28.006,26.806,2.773,0,71.972
174.086,31.927,28.624,1.356,0,75.134
158.277,30.708,37.475,0.738,1,91.7
172.767,29.71,25.671,1.719,0,77.248
166.885,24.213,34.841,3.321,0,75.571
162.636,26.96,21.586,1.375,0,76.607
200.668,33.508,28.326,0.955,0,71.224
183.274,19.783,30.814,2.187,1,85.315
184.556,19.973,32.931,2.599,1,86.45
176.292,26.451,33.556,3.971,0,79.455
177.926,28.322,33.967,2.425,0,75.674
191.575,18.407,28.256,2.773,0,70.952
179.612,24.402,27.688,2.863,1,84.763
186.368,24.248,34.29,0.616,0,73.033
177.648,7.278,29.043,0.844,1,84.584
175.894,23.243,23.622,0.699,0,75.276
163.117,23.741,24.334,0.401,0,77.623
156.267,23.718,25.403,2.955,1,89.809
176.861,36.327,32.486,2.348,0,78.151
180.678,15.274,30.712,2.095,1,84.847
164.566,18.403,33.452,1.111,1,88.812
179.586,4.102,27.864,4.467,0,73.881
180.645,21.153,30.793,0.927,1,87.163
154.128,21.835,33.128,4.462,1,92.557
169.019,20.92,28.453,0.261,1,88.569
184.887,33.861,32.284,1.025,0,75.427
184.645,31.885,26.69,0.643,0,73.013
166.156,25.623,28.185,2.435,1,89.94
181.901,22.035,28.091,0.678,1,86.87
192.269,33.21,24.021,0.712,0,74.201
189.325,24.842,32.435,0.353,1,82.832
178.857,18.454,27.653,2.933,1,85.007
174.384,11.27,30.062,2.854,1,87.578
172.448,21.469,32.404,4.174,1,84.486
185.614,31.037,32.233,1.177,0,74.454
182.341,43.212,33.327,2.263,1,88.509
187.553,25.493,29.508,0.453,0,72.354
181.582,18.877,27.884,1.598,0,73.126
189.825,15.52,29.601,1.377,1,82.754
181.135,29.416,21.563,2.557,0,73.413
189.416,10.883,22.764,3.22,1,82.905
190.45,29.403,23.387,3.189,0,71.633
170.346,31.542,25.014,0.989,0,75.396
158.302,28.49,31.999,3.198,0,78.29
198.522,23.243,25.473,1.947,1,82.395
183.08,29.52,28.109,1.61,0,76.271
159.426,26.368,36.496,1.15,0,78.037
171.434,18.775,28.219,1.328,0,75.892
189.262,39.803,33.688,4.091,0,73.113
176.644,22.187,25.332,2.369,1,85.894
173.855,31.206,28.973,2.21,0,73.782
196.811,5.651,25.25,1.685,0,68.09
167.433,35.212,28.305,4.935,0,75.742
170.422,36.75,34.202,3.566,0,77.26
182.537,25.239,21.363,1.135,0,74.817
184.685,29.47,32.172,1.672,1,83.789
185.956,29.468,31.189,1.743,0,72.997
190.935,19.858,27.029,2.175,0,70.334
182.383,29.377,22.77,1.159,0,73.555
185.873,18.531,30.361,2.527,1,86.264
176.889,20.13,27.353,3.743,1,85.999
180.752,34.016,31.163,0.424,1,86.807
181.29,32.797,30.109,0.646,1,88.387
182.581,19.349,38.009,1.42,0,74.546
189.27,19.131,28.803,1.476,1,83.407
186.662,19.835,24.883,4.398,1,84.826
180.531,30.861,30.896,3.202,0,73.708
170.29,17,31.1,3.133,1,88.227
180.812,27.854,36.796,1.683,1,87.383
179.664,30.975,34.176,1.656,1,85.387
182.318,24.294,31.784,0.258,0,74.24
206.478,33.081,37.317,2.938,1,82.343
173.715,22.566,24.056,2.589,1,87.742
185.067,23.289,26.801,3.543,0,74.223
192.822,17.182,25.367,1.747,1,83.964
181.176,33.137,28.051,1.83,1,86.215
208.054,18.868,23.117,2.204,0,69.758
175.464,27.798,33.176,3.07,0,74.496
183.889,24.429,28.889,0.236,0,72.026
170.414,16.578,22.646,2.883,1,83.418
175.782,20.127,24.922,1.975,1,86.529
182.987,36.063,31.568,0.73,0,73.619
190.156,26.613,34.191,0.502,1,85.356
183.829,16.927,39.984,1.836,1,83.36
195.109,27.443,44.569,3.737,1,83.779
178.86,23.831,32.072,4.01,1,87.203
176.014,52.632,25.052,2.426,1,87.292
212.448,27.281,19.34,4.354,1,80.654
184.731,21.955,31.339,1.948,1,84.764
171.366,36.36,25.935,3.144,1,88.393
171.669,10.272,27.923,1.459,0,75.626
168.688,25.755,26.94,1.382,1,89.472
191.239,40.955,29.296,1.187,1,85.41
175.627,24.07,35.33,0.473,1,86.421
181.528,11.134,30.785,3.545,0,72.783
179.238,21.833,29.207,1.23,1,87.072
188.778,36.636,24.822,1.038,0,72.034
169.839,28.009,21.627,0.584,0,75.777
167.093,18.289,27.568,1.755,0,75.736
182.692,19.518,29.731,4.116,0,73.449
187.212,20.522,38.84,4.513,1,84.064
183.99,27.89,30.651,0.007,1,83.665
170.287,35.706,34.914,1.575,1,89.661
188.13,33.419,27.504,0.759,1,86.474
171.074,28.648,24.075,3.186,0,73.779
173.742,14.347,25.174,2.344,1,87.089
168.673,14.377,26.374,1.236,0,76.92
195.614,29.266,40.642,2.087,1,85.093
187.601,14.236,25.893,1.427,0,71.681
187.26,23.195,34.192,3.937,1,84.062
194.967,27.433,25.485,2.656,1,83.723
213.752,15.899,34.658,2.804,1,80.309
159.489,16.806,31.925,1.2,1,89.811
171.139,24.247,29.217,1.92,1,87.694
172.606,29.029,29.796,4.5,0,74.663
169.79,33.492,26.726,3.591,1,89.091
167.069,29.856,32.23,0.217,0,77.696
176.404,25.589,27.725,1.624,0,75.21
165.401,19.03,23.872,0.558,1,88.496
184.021,16.433,23.61,4.053,0,74.858
180.62,20.913,30.863,2.293,0,73.337
185.772,28.279,37.895,1.079,0,75.49
186.093,27.693,30.8,2.041,1,84.624
187.236,8.201,29.407,1.129,1,85.391
175.519,18.715,31.429,0.698,0,76.381
205.454,34.636,36.53,2.044,1,82.371
182.813,25.634,31.097,3.015,0,75.98
157.65,13.664,27.945,0.33,0,78.203
167.971,43.847,35.531,1.543,0,76.92
159.114,24.768,32.144,3.212,0,77.804
180.208,28.075,37.679,0.258,1,88.29
178.538,28.196,30.916,2.275,0,76.008
174.379,22.059,23.878,2.079,0,73.66
204.131,19.179,23.159,4.057,1,81.198
186.588,41.973,38.255,1.724,0,74.89
188.713,33.026,38.618,1.794,1,85.135
168.827,31.575,29.102,3.026,1,91.59
168.01,29.61,28.084,0.408,1,89.019
180.442,16.973,37.307,1.735,1,86.13
182.076,35.22,24.465,1.453,0,75.792
157.724,18.255,25.526,1.833,0,77.343
177.836,27.266,33.217,3.018,1,88.295
180.169,11.885,28.027,2.665,0,71.483
177.418,8.673,29.974,1.102,0,73.339
170.239,27.546,29.183,2.164,1,89.528
173.526,18.527,31.688,3.789,1,89.146
177.878,9.087,37.037,1.002,0,73.251
181.09,29.325,30.453,2.174,1,85.418
187.257,41.961,33.22,1.768,1,86.953
192.97,36.116,19.749,1.924,0,71.472
176.468,22.941,29.756,0.043,0,74.578
174.526,25.071,25.784,3.693,1,88.23
185.252,32.102,23.906,1.071,0,72.923
187.33,33.977,25.609,3.231,0,71.041
174.79,22.252,28.329,1.254,0,73.528
189.485,25.273,34.58,1.249,1,84.95
191.755,27.405,23.368,3.456,1,81.861
195.5,29.431,30.153,3.193,0,71.527
201.34,23.935,27.579,2.25,0,68.703
169.603,24.039,28.362,2.913,1,90.1
180.167,36.039,35.014,1.654,0,77.881
180.135,34.676,32.691,1.99,1,85.821
178.823,28.819,36.687,1.206,0,75.483
172.209,38.753,29.227,3.085,1,87.436
162.173,21.908,26.52,1.168,1,88.878
181.112,37.984,28.881,3.782,1,89.087
170.78,29.34,31.212,1.621,0,75.821
181.032,51.168,30.883,2.025,0,75.485
170.471,15.46,24.578,2.91,1,86.141
166.804,19.485,30.452,2.029,0,77.842
182.812,28.35,31.141,1.643,1,82.236
181.811,28.178,42.587,1.964,1,86.363
186.951,40.601,39.384,3.073,0,74.499
206.23,19.653,25.734,1.205,0,68.351
183.327,32.239,28.563,1.849,1,87.2
185.821,34.3,22.683,2.012,1,86.987
167.069,30.637,27.046,3.038,1,87.224
164.557,17.312,31.578,1.88,0,79.31
198.994,36.262,36.029,4.17,0,70.25
168.918,34.835,26.355,1.812,0,78.349
167.473,29.797,26.729,1.715,0,76.959
179.531,26.635,19.264,1.795,0,73.441
178.918,26.809,29.187,0.42,0,74.171
169.17,24.37,24.688,0.756,1,88.006
176.34,30.126,27.353,1.363,0,75.484
194.753,25.249,25.616,3.363,1,82.436
170.328,18.212,29.529,1.96,1,87.429
163.276,16.611,21.211,1.418,0,75.543
191.311,18.984,22.665,3.472,1,82.178
185.908,26.777,40.646,3.861,0,72.995
172.554,24.784,23.563,3.506,1,86.026
161.014,26.723,24.516,0.976,1,89.142
171.065,29.007,39.185,1.406,0,77.227
179.344,19.981,44.525,4.176,1,87.088
193.988,36.725,24.142,2.289,0,74.662
167.561,22.858,28.159,1.679,1,85.766
178.986,21.533,31.708,2.862,0,75.023
188.102,28.859,38.643,3.209,0,73.613
151.425,10.308,25.066,1.314,1,91.394
192.405,18.676,28.774,2.263,1,84.586
165.811,32.849,33.887,3.112,0,77.421
183.984,11.101,32.174,0.608,1,85.165
182.96,33.941,28.119,2.015,1,85.417
193.015,37.089,29.331,0.663,0,73.486
186.611,22.044,23.126,0.82,1,82.434
151.473,27.335,28.809,1.324,1,92.548
170.583,33.953,28.668,2.573,0,76.538
181.658,21.266,31.161,1.614,1,85.351
177.66,31.942,27.223,1.222,1,86.82
185.731,19.631,32.358,2.062,0,72.973
189.472,21.179,35.064,0.624,1,86.276
187.301,18.605,30.777,2.515,1,88.621
177.429,27.741,31.759,3.358,1,88.579
157.844,34.264,30.266,1.905,1,90.279
174.534,23.527,30,1.757,0,76.051
184.996,14.83,26.392,2.448,0,73.518
166.915,16.338,31.582,0.434,0,75.205
187.575,28.157,29.514,2.644,0,71.689
190.901,39.753,40.466,5.722,1,85.77
181.522,28.15,37.867,1.853,1,87.678
143.235,21.905,31.929,1.857,0,78.994
164.663,31.129,26.185,2.892,1,88.473
202.634,23.084,24.438,3.974,1,82.62
173.442,21.974,35.956,3.17,0,75.747
156.19,17.332,31.314,0.587,0,79.991
194.823,36.268,32.401,2.676,0,70.834
180.16,4.686,21.277,5.086,1,87.539
193.259,31.383,34.637,2.747,0,70.783
183.324,21.29,32.272,0.614,1,83.258
185.503,21.717,24.448,2.338,0,72.864
184.356,38.539,27.642,0.463,0,72.949
188.37,19.287,31.319,3.479,0,72.57
207.329,19.559,30.262,0.853,0,69.079
191.652,23.957,28.539,2.089,0,71.932
161.036,28.311,29.483,0.971,1,88.975
185.36,21.465,28.74,1.344,0,73.679
193.698,12.409,30.763,3.783,0,70.836
194.432,18.074,37.357,2.124,0,73.079
174.881,35.251,17.167,1.329,1,87.078
193.979,25.598,28.816,0.626,0,70.703
191.133,28.609,30.883,0.246,1,82.631
210.87,22.909,31.48,0.498,1,80.585
171,19.724,28.14,2.134,0,74.087
173.911,38.421,21.216,3.176,1,86.242
176.327,23.494,31.64,1.328,1,87.686
174.117,21.453,38.637,3.885,0,73.545
169.32,33.769,22.331,1.139,1,90.16
146.848,19.221,34.319,1.714,0,80.428
174.784,20.242,28.357,0.705,1,86.919
184.432,25.082,29.693,3.189,1,84.35
174.081,25.002,24.736,4.517,0,76.12
203.225,27.077,28.328,0.114,0,70.257
180.161,41.733,36.5,1.585,0,74.877
195.492,27.69,32.913,3.518,0,72.158
183.137,5.976,38.662,0.264,0,71.108
189.917,27.61,35.887,2.68,1,83.104
183.351,25.303,32.195,3.466,1,84.581
196.425,25.348,38.72,2.094,0,72.32
180.671,26.968,32.195,2.66,1,86.503
185.953,24.771,34.14,4.113,1,86.78
184.396,24.579,28.517,4.338,1,84.405
176.541,29.904,30.333,1.926,1,88.023
184.86,20.663,26.513,1.361,0,72.954
206.813,17.419,34.948,0.896,1,80.235
176.755,49.19,24.108,3.172,1,88.603
185.034,19.273,33.912,0.354,1,85.267
195.093,25.801,29.047,1.697,1,82.929
193.683,13.035,35.856,2.123,0,71.562
180.141,25.932,33.754,1.396,1,86.463
151.399,17.534,39.103,2.336,1,91.371
186.2,21.46,33.654,5.077,0,72.759
153.366,33.361,22.14,1.854,0,77.737
197.639,28.776,29.665,1.478,1,83.524
182.034,29.547,24.14,3.218,0,73.051
191.996,10.83,27.409,2.288,0,70.037
169.175,39.695,37.556,3.727,1,89.319
161.37,15.465,33.188,2.198,0,78.222
183.129,37.228,26.505,1.702,1,86.618
179.597,33.172,24.931,0.14,1,86.072
174.102,29.619,30.164,0.056,0,75.061
181.016,18.16,23.917,0.203,0,74.266
213.209,26.213,26.644,2.455,0,65.451
190.014,21.233,31.56,0.365,0,73.406
192.594,25.232,35.777,3.507,0,70.187
190.127,23.001,33.044,2.036,1,82.911
197.754,8.691,18.544,1.707,1,81.036
177.719,33.974,31.522,0.987,1,90.029
155.343,24.351,30.36,2.747,1,92.83
177.737,21.122,32.069,1.035,0,75.526
189.741,20.517,38.081,0.818,0,73.21
168.362,27.868,19.684,3.426,1,85.916
177.884,17.85,27.044,2.426,1,86.392
171.699,6.959,32.955,1.718,0,74.3
198.024,28.257,22.092,2.77,0,69.976
188.993,29.153,37.38,2.011,0,73.585
187.818,23.403,31.842,2.46,0,72.424
187.459,15.817,34.233,1.02,0,73.761
179.553,25.711,27.145,4.484,0,72.057
182.371,13.284,34.069,1.304,1,85.564
165.778,16.782,35.342,3.867,0,75.679
153.763,18.994,31.164,1.773,0,78.329
181.801,31.752,31.172,2.969,1,86.905
183.888,22.099,31.352,2.881,0,72.253
194.511,21.417,25.683,3.376,0,71.554
198.856,40.638,29.262,0.991,1,83.652
198.84,27.82,29.237,3.291,1,82.347
168.024,27.712,31.917,4.216,1,88.25
175.773,22.042,34.999,1.69,0,75.048
185.764,20.229,24.707,2.042,1,83.89
210.383,7.509,29.375,1.372,0,67.859
197.761,32.75,37.407,1.584,1,83.705
193.433,28.586,26.282,4.054,0,71.278
175.347,23.567,25.889,0.795,0,76.854
169.402,23.902,31.012,0.869,0,76.791
189.467,30.889,34.222,3.933,0,72.801
166.792,12.562,30.057,2.749,1,88.209
177.139,20.281,36.645,4.544,0,73.732
178.623,15.91,34.284,1.459,0,73.793
199.115,39.172,34.209,2.152,1,83.636
175.744,32.005,32.771,1.207,0,74.229
150.729,7.378,41.638,2.172,0,79.658
186.053,12.89,28.974,0.129,1,83.926
171.612,23.941,19.982,2.822,0,74.919
180.512,21.22,38.021,2.388,1,85.8
178.96,14.405,27.712,1.931,0,77.388
176.716,40.558,30.539,1.532,0,75.157
189.484,27.5,36.548,0.926,0,70.688
161.606,28.799,21.989,2.873,0,75.618
173.796,19.464,23.742,0.595,1,87.783
188.208,30.778,21.994,2.614,0,74.473
172.631,21.957,26.029,4.489,1,86.527
160.694,22.733,32.198,3.783,1,91.384
188.023,29.888,32.621,0.194,0,74.27
193.477,11.968,31.381,1.356,1,83.034
179.46,37.776,22.936,2.506,1,86.598
156.47,26.459,18.449,1.916,0,78.362
188.472,35.248,30.272,0.321,1,86.556
160.081,16.397,27.641,2.462,0,77.828
183.706,17.615,32.297,1.988,0,72.593
169.35,15.705,33.51,4.297,0,75.726
166.082,27.002,30.691,1.696,0,79.437
174.697,25.528,33.801,3.402,0,75.878
177.8,21.285,31.146,0.479,1,87.673
172.27,16.887,32.65,0.766,0,76.085
187.064,14.867,26.477,2.866,0,72.672
174.647,24.612,29.102,3.3,0,75.426
191.762,21.275,30.984,0.851,1,85.185
183.374,19.515,34.103,2.029,1,86.531
171.629,37.377,28.031,0.342,1,88.868
169.609,24.341,32.606,1.783,1,87.529
160.23,35.16,28.671,3.004,1,90.964
183.489,20.734,29.412,1.478,1,85.406
175.745,26.958,34.148,1.701,1,87.121
151.534,24.556,20.035,0.644,1,94.214
173.571,11.419,23.518,1.222,1,84.571
169.188,36.427,22.589,4.11,0,77.812
198.908,23.919,18.332,2.088,1,81.313
159.567,30.971,26.609,0.797,1,90.424
162.704,18.984,33.747,1.622,0,80.422
193.32,23.681,28.576,0.083,1,82.697
196.281,18.065,30.989,0.783,1,82.234
171.06,34.888,35.446,3.632,1,88.854
172.415,27.491,36.638,1.829,1,87.23
187.395,27.936,29.654,4.269,1,86.289
152.075,35.865,36.768,1.886,1,91.775
157.666,34.251,30.461,1.957,1,91.783
176.631,31.123,25.813,2.769,1,85.569
198.599,13.626,27.028,1.207,0,68.053
174.771,19.435,22.597,2.246,0,74.362
181.211,16.969,25.559,1.941,0,71.596
193.605,30.82,28.21,3.783,1,86.033
205.283,26.365,34.018,3.158,1,80.296
173.078,13.876,38.604,0.64,1,86.164
179.798,23.49,23.089,3.491,1,86.497
201.865,13.047,31.964,1.685,1,81.142
161.734,24.575,24.797,0.915,1,87.58
192.331,11.757,32.373,2.237,1,85.952
167.78,29.231,29.345,1.757,0,75.619
181.23,28.024,20.845,3.846,1,85.667
177.089,40.264,34.641,2.409,0,75.821
168.504,31.783,26.975,2.247,1,89.577
168.203,21.617,27.33,3.081,1,88.742
183.317,31.545,24.651,3.311,0,72.936
191.946,13.819,26.729,2.94,0,71.024
178.443,17.3,32.139,3.703,0,74.053
180.841,27.665,29.054,2.73,0,75.26
186.854,7.734,31.643,2.201,1,82.81
168.341,24.703,31.81,3.487,1,90.993
188.876,16.838,36.603,1.891,1,83.732
189.832,25.81,28.286,2.04,1,84.583
211.244,16.378,22.616,4.066,1,78.498
175.487,28.394,35.336,3.946,0,74.125
174.503,25.155,28.343,1.99,0,74.267
189.228,36.203,35.573,1.456,0,72.525
189.829,25.054,31.917,3.756,0,72.233
173.579,18.851,29.344,2.961,0,73.979
175.162,23.025,31.744,2.379,0,76.074
186.494,14.246,39.755,1.614,0,72.134
170.069,28.249,40.385,2.398,1,87.829
175.074,29.719,30.347,1.974,1,87.116
181.075,44.754,30.801,1.203,1,88.623
191.951,20.025,35.381,2.155,1,84.477
172.745,22.858,25.772,2.319,1,87.246
157.891,20.394,31.665,1.55,0,76.467
157.001,26.697,29.871,3.085,0,77.264
164.887,28.054,31.57,3.547,0,75.848
164.242,24.573,25.833,3.164,1,90.571
178.145,33.691,22.052,1.669,1,87.495
165.733,20.064,19.635,2.907,1,87.12
171.567,32.889,24.413,2.094,1,87.435
170.711,29.308,27.707,0.517,0,75.225
174.714,24.904,28.534,2.807,1,86.209
195.87,22.481,39.686,2.175,1,84.429
187.943,44.413,35.53,5.112,1,86.066
180.194,18.464,25.19,3.749,1,88.23
174.468,27.383,31.739,2.853,0,77.126
174.801,18.998,27.965,2.299,0,76.445
183.933,39.285,28.578,2.196,0,75.284
187.01,32.095,30.927,0.796,0,73.103
169.109,19.573,33.096,0.087,0,76.907
180.438,29.101,28.304,0.953,1,86.064
155.621,27.062,35.319,1.943,0,81.134
182.541,20.867,24.29,0.527,1,85.894
189.146,31.065,30.032,1.347,1,85.434
176.639,28.114,42.988,1.703,1,87.994
201.798,26.726,31.115,1.741,1,84.724
169.425,24.665,37.166,1.206,1,86.921
182.609,28.448,30.458,1.59,0,76.366
179.57,26.835,32.904,4.069,0,74.509
178.796,25.473,29.716,2.795,0,72.943
178.628,19.872,29.148,1.328,1,85.394
181.285,38.55,26.103,1.918,0,72.806
190.176,16.597,32.152,1.966,1,84.956
196.533,28.421,25.742,1.078,0,70.171
179.973,22.438,33.328,1.077,0,74.62
189.784,39.076,35.426,3.213,1,87.116
171.579,17.772,31.833,1.496,1,86.767
189.191,19.118,28.569,0.686,1,83.999
170.856,17.241,32.27,1.948,0,74.13
193.088,27.588,28.457,2.142,0,71.656
206.528,14.016,34.678,0.367,0,72.289
178.535,21.172,20.843,1.951,0,74.91
153.689,7.781,28.322,3.042,0,77.701
173.423,26.923,20.046,2.541,1,86.468
194.783,20.998,22.525,4.676,1,83.074
186.637,13.096,36.819,3.501,1,84.988
182.987,33.685,34.476,3.739,0,74.104
192.104,14.539,26.403,5.36,0,72.05
185.813,31.376,22.487,2.91,0,72.216
194.613,19.392,15.177,2.196,1,81.542
191.033,37.813,27.283,3.168,1,85.491
198.26,30.996,42.102,1.329,0,70.676
184.306,16.936,32.174,2.129,0,74.125
190.863,17.663,27.202,1.223,0,71.847
176.314,29.844,32.325,2.478,1,85.277
172.782,22.901,22.195,1.218,1,87.314
200.481,23.645,28.513,1.176,1,80.536
182.594,35.178,30.497,2.496,1,87.401
189.659,19.01,29.569,1.835,0,71.982
181.485,25.73,33.954,0.313,1,88.596
172.962,32.637,31.723,0.253,0,77.497
180.132,31.473,33.342,0.623,0,73.659
197.232,23.723,26.558,0.94,1,80.625
186.663,22.689,34.489,2.497,1,84.38
159.462,11.089,38.145,2.263,0,76.204
177.417,16.55,25.149,3.278,1,88.306
201.388,27.547,25.562,2.903,0,70.469
177.434,23.897,36.679,3.286,0,76.25
158.394,25.599,29.043,2.73,1,89.935
202.717,33.314,37.019,2.252,0,70.945
188.189,15.501,27.787,3.319,1,84.206
179.16,23.111,37.275,3.103,1,88.129
175.543,26.51,30.657,2.451,1,87.7
192.988,19.367,31.291,3.525,1,82.52
173.496,36.452,37.824,0.815,1,90.596
193.779,32.269,28.191,1.651,0,71.914
186.506,27.321,25.294,1.633,1,84.586
182.936,39.354,27.757,3.383,0,71.225
181.746,13.009,32.262,3.886,1,86.241
177.9,24.938,22.171,0.26,1,86.504
192.548,27.931,33.187,3.693,1,84.597
169.616,17.684,27.306,0.594,0,75.212
160.537,27.406,35.739,0.631,1,89.644
187.373,16.147,18.029,1.719,0,71.5
187.575,30.524,26.067,1.618,1,85.727
185.763,33.463,21.568,0.13,1,86.216
184.893,27.179,25.869,2.78,1,85.166
176.154,10.178,31.238,2.815,0,75.404
189.45,17.266,29.104,3.265,0,72.095
179.453,29.518,28.733,1.48,0,74.101
174.155,25.17,29.204,1.953,1,87.661
176.257,3.448,31.017,1.963,1,84.2
204.248,34.943,24.957,4.026,1,82.659
159.18,26.093,33.534,1.401,1,88.539
185.997,18.447,33.313,0.852,0,71.86
159.851,32.96,31.925,2.007,0,76.178
178.701,19.58,32.783,0.697,0,74.238
174.796,19.492,31.482,1.69,0,77.012
154.98,27.867,40.175,1.849,1,91.444
184.668,39.248,29.565,1.211,1,87.165
175.44,37.989,28.465,2.077,0,78.746
154.81,27.878,26.232,2.754,1,91.403
190.075,28.699,24.839,1.716,0,71.632
197.22,31.332,23.778,1.456,0,70.616
197.881,14.944,25.556,1.801,0,70.357
184.307,30.153,29.647,1.991,0,73.157
180.553,19.127,31.671,0.088,0,73.362
195.938,27.548,30.256,2.554,1,84.879
200.189,23.18,26.172,1.459,1,83.697
193.603,29.01,34.501,3.514,0,70.441
168.702,25.945,33.697,2.709,0,75.693
182.416,0.416,29.202,3.404,0,71.893
185.274,26.431,26.735,0.787,0,74.092
158.285,30.137,32.742,1.554,1,92.126
185.632,28.567,30.94,0.509,1,88.89
207.276,24.179,22.759,1.154,0,68.52
187.679,38.137,29.66,3.503,0,73.29
197.681,27.491,31.31,3.785,1,84.139
182.195,28.501,25.502,0.622,0,73.171
179.121,33.356,30.949,1.45,1,86.938
184.575,27.901,22.726,1.909,1,84.889
170.21,17.816,36.681,2.703,1,84.919
168.435,5.493,36.24,0.112,1,87.771
195.196,21.183,28.737,0.076,0,71.154
196.468,31.088,31.817,2.588,1,85.417
168.107,22.175,17.95,0.339,1,87.775
191.616,31.409,24.218,1.464,1,82.899
178.956,26.19,28.531,2.195,1,86.276
184.078,35.305,24.639,2.499,1,83.507
185.523,22.638,33.572,1.83,1,83.99
191.932,28.741,39.986,1.561,0,73.739
180.993,29.047,24.117,3.013,0,73.873
196.922,37.013,25.813,2.342,1,84.972
183.713,11.347,31.177,1.224,0,70.611
187.49,21.333,38.056,2.045,1,84.944
170.001,31.788,23.888,2.46,0,75.731
205.904,37.367,31.245,4.062,0,71.689
185.638,26.921,39.106,2.944,1,86.763
188.556,22.658,21.741,3.457,1,85.077
160.702,31.057,23.595,1.267,1,91.767
170.128,31.95,27.882,1.371,0,76.046
194.855,22.123,27.397,1.718,0,73.025
183.443,27.642,34.063,1.828,1,84.889
157.035,34.444,31.208,0.79,1,89.864
192.459,40.124,21.125,3.519,1,85.524
173.475,30.941,32.577,3.06,1,86.254
196.936,25.353,27.112,1.633,1,83.916
178.946,24.567,36.372,2.77,0,75.004
182.456,29.459,26.862,2.267,0,75.355
194.147,24.075,26.817,2.864,0,71.567
169.23,26.517,32.706,0.387,1,88.632
168.086,16.537,33.815,1.825,0,76.839
177.642,35.376,32.24,1.93,1,86.764
189.926,15.879,21.572,2.748,0,70.797
164.029,21.543,32.69,1.246,0,77.771
159.984,25.781,24.828,1,1,89.756
189.885,40.928,31.176,0.702,0,73.146
172.764,21.619,22.881,1.927,1,87.044
175.293,19.672,32.232,2.077,1,88.953
157.718,20.593,25.967,4.02,1,89.413
171.852,38.271,23.587,2.699,0,75.776
179.909,2.501,33.569,2.098,1,83.196
191.165,16.978,31.208,1.961,1,83.919
170.745,46.85,26.93,3.325,0,78.012
199.889,29.727,37.256,1.292,1,84.47
171.785,16.152,27.797,1.832,0,75.367
171.803,24.665,30.161,0.693,0,77.01
198.448,25.54,31.345,3.703,0,72.056
182.538,31.769,26.902,2.471,1,87.53
173.376,39.716,32.356,1.151,1,89.774
178.138,28.108,27.333,1.863,0,76.672
196.237,20.682,27.942,2.612,0,70.912
197.594,31.297,36.813,1.699,1,82.359
170.198,19.414,24.797,1.359,1,88.365
179.491,16.733,17.936,1.215,1,86.329
181.082,10.921,38.055,2.407,0,75.647
168.165,12.479,42.747,1.57,0,77.954
179.332,17.828,27.974,1.455,0,76.323
180.064,15.578,20.316,0.397,1,86.083
193.683,27.506,28.448,2.093,1,84.284
194.489,15.405,28.569,1.783,1,81.483
176.049,0,29.05,1.614,0,73.933
177.433,16.649,24.433,2.239,1,85.42
187.972,21.225,32.898,2.898,1,85.137
172.978,20.156,32.623,2.842,0,75.57
187.064,37.156,22.528,2.663,0,74.05
178.945,20.092,33.496,1.711,1,86.353
168.367,32.047,40.263,1.32,1,90.552
168.518,24.848,30.86,0.747,1,85.233
197.365,24.662,28.313,1.288,0,71.398
178.123,18.317,29.29,2.024,0,75.744
199.684,24.53,33.076,1.056,1,85.226
173.836,18.879,21.347,2.115,1,87.588
183.494,26.36,30.822,0.841,0,75.916
208.712,23.11,28.048,0.007,0,69.224
167.311,17.443,39.239,2.983,0,76.696
157.226,32.935,29.129,1.431,1,91.567
195.439,28.415,38.339,0.996,0,72.239
170.078,21.415,24.481,0.687,0,74.756
179.752,26.164,32.936,2.508,1,86.043
172.969,24.329,31.597,3.65,1,86.371
183.218,18.059,25.655,1.516,0,73.821
168.594,25.564,30.887,1.741,0,76.545
177.841,20.032,36.063,3.286,0,74.361
185.398,17.441,28.381,0.173,0,72.214
167.9,12.018,21.54,4.36,0,75.982
171.599,22.131,29.912,4.933,1,88.672
175.831,29.536,25.488,1.248,0,73.84
162.854,19.443,28.288,1.883,1,87.522
174.929,45.166,29.592,1.137,0,77.648
181.426,32.085,21.472,1.682,1,84.492
175.205,35.435,21.922,1.498,1,88.142
176.743,31.362,32.41,2.974,1,89.429
179.761,39.823,27.386,1.865,1,89.145
172.131,18.704,17.176,0.907,0,75.683
188.293,4.514,33.924,1.793,1,84.725
197.232,21.431,31.362,2.618,1,85.855
174.427,29.466,26.431,0.58,0,72.691
185.822,26.212,23.416,0.025,0,72.538
177.125,27.204,34.179,4.391,1,88.277
184.386,35.567,31.747,1.229,0,73.927
198.789,28.056,41.913,1.835,1,85.285
186.104,31.391,32.101,1.523,1,85.743
158.719,17.483,31.939,2.658,0,78.035
185.448,16.237,29.165,4.127,1,84.522
194.794,37.913,34.084,2.696,1,84.089
177.341,25.807,33.125,0.178,0,74.427
191.948,20.014,36.259,0.339,1,84.589
171.719,20.029,27.393,1.521,0,74.533
162.174,19.807,27.823,1.678,0,78.332
181.694,19.328,27.604,0.066,1,86.419
158.922,14.735,33.954,2.983,1,91.095
177.123,12.997,37.492,0.696,0,73.218
195.442,23.44,27.706,3.792,0,69.373
157.083,20.257,27.876,4.185,0,78.129
164.646,33.857,31.57,1.702,0,81.252
167.616,27.345,28.771,2.527,0,78.228
179.24,27.123,34.76,0.522,1,86.237
175.611,19.055,18.741,2.748,0,74.78
196.79,24.032,25.866,1.402,0,71.986
191.452,27.888,26.088,0.695,0,70.674
185.943,30.73,18.398,1.653,1,86.737
181.748,24.249,25.182,1.441,1,85.599
184.719,33.633,25.424,1.61,1,85.731
169.656,25.064,28.994,3.14,0,76.244
190.287,31.343,35.565,1.058,1,86.581
166.655,21.081,28.775,4.082,1,87.599
190.025,10.499,24.846,0.41,1,81.419
194.234,27.147,29.715,3.939,1,84.34
182.53,30.803,35.246,0.78,1,84.103
177.885,29.603,25.12,1.999,1,86.451
184.804,28.377,25.447,1.412,1,86.935
145.662,22.211,32.793,1.588,1,93.248
183.627,18.546,28.892,2.962,1,86.555
178.64,29.414,33.237,3.8,1,87.816
179.392,28.412,29.932,3.429,0,77.603
188.478,20.513,33.508,1.514,1,84.074
179.103,33.875,24.825,2.221,0,75.313
166.318,17.937,29.94,1.062,1,87.91
178.303,20.332,28.947,0.81,0,75.521
180.811,38.091,23.921,0.624,1,86.662
181.379,31.949,22.183,1.475,1,88.24
181.943,22.136,33.429,2.3,1,85.413
192.472,27.299,28.245,0.294,0,73.894
166.968,26.238,24.889,1.944,1,89.276
182.108,3.035,29.519,3.819,1,84.64
195.479,17.748,35.64,3.346,0,72.112
159.185,24.593,18.596,1.298,0,77.866
182.156,22.147,22.517,0.324,1,85.894
172.975,26.977,25.386,2.552,1,87.304
175.551,34.036,37.306,0.781,1,87.266
169.142,22.428,31.413,3.332,0,75.869
177.965,16.539,33.837,1.744,0,72.431
202.095,27.599,24.299,4.198,1,83.304
164.827,22.387,24.402,0.072,1,87.212
165.965,23.751,32.239,3.102,1,88.702
164.377,22.666,30.291,1.879,0,77.864
200.729,42.935,32.744,1.603,0,72.889
174.452,7.074,29.062,0.356,0,72.147
179.692,21.893,31.391,2.715,1,86.228
175.167,24.97,30.791,2.811,1,87.859
168.667,18.751,33.889,4.142,0,76.322
177.178,32.199,34.035,3.21,0,77.154
209.499,31.506,21.901,1.287,1,80.089
196.705,24.618,18.764,0.795,0,68.35
169.765,22.835,35.009,0.358,0,77.335
187.771,24.104,35.939,3.768,0,72.6
170.022,24.162,24.897,1.066,1,85.78
158.684,24.373,20.701,3.776,1,89.544
192.234,23.496,30.495,2.63,1,85.609
193.921,27.02,34.654,2.396,0,70.732
192.553,31.026,38.988,1.632,1,87.755
174.362,15.158,32.581,2.793,1,85.948
177.999,16.595,28.141,1.981,0,74.267
188.997,11.012,25.534,1.557,1,82.255
184.698,31.931,30.057,2.835,0,74.023
175.276,27.003,28.504,1.827,1,87.135
160.571,29.042,24.925,1.042,1,88.099
181.367,13.564,40.244,2.72,1,89.371
192.948,39.28,38.926,1.923,1,84.778
165.629,20.129,35.68,2.587,1,88.385
187.665,26.346,25.396,1.455,1,86.034
183.979,31.835,34.275,0.549,0,76.485
189.002,17.104,33.198,4.082,0,73.818
190.464,20.629,32.213,3.856,1,82.924
171.666,26.433,36.248,3.061,0,76.555
160.596,47.86,33.177,1.535,1,89.165
173.598,27.409,33.7,1.64,1,88.964
190.67,37.851,33.185,3.659,0,71.448
173.496,34.645,31.704,1.575,1,87.271
171.671,27.944,21.082,1.241,0,75.626
158.144,17.086,30.418,4.247,0,78.414
201.032,33.478,27.219,1.943,1,82.671
189.909,13.015,23.601,4.122,0,73.4
189.239,37.807,38.409,0.322,0,74.794
191.613,26.6,38.645,2.622,0,73.612
186.921,3.798,36.796,4.485,1,82.747
177.068,22.276,31.276,2.036,0,76.867
178.035,30.232,36.753,1.683,0,74.442
174.869,23.104,30.06,0.599,0,77.298
211.617,30.72,31.014,3.299,1,83.529
186.671,18.2,24.533,1.076,0,73.133
174.434,14.552,31.985,1.886,0,76.113
185.586,24.428,30.302,0.519,1,81.676
167.87,25.253,23.487,3.868,1,88.039
198.054,22.213,29.744,3.386,1,84.293
172.067,34.818,29.601,1.962,0,77.506
186.013,18.198,38.988,0.615,0,71.895
192.792,27.505,34.471,3.843,0,72.119
184.617,25.544,30.057,1.561,0,70.561
181.134,12.546,31.244,0.674,0,74.007
180.13,14.448,30.221,0.115,1,83.495
179.323,25.095,28.985,1.225,0,75.833
173.08,40.85,24.588,0.254,1,89.745
174.606,29.634,29.245,1.253,1,87.042
197.755,11.195,26.27,2.893,0,70.815
178.698,0.116,23.748,1.55,1,84.568
170.57,30.864,32.556,2.427,1,88.867
173.804,24.23,31.956,1.132,0,74.19
193.204,34.13,21.066,2.078,0,72.871
188.107,17.954,29.387,4.305,1,82.518
186.724,27.802,34.979,1.582,0,71.411
176.91,31.769,35.296,2.461,0,75.481
186.88,21.42,35.129,0.121,0,72.95
172.277,21.591,30.195,3.824,0,75.922
176.885,25.202,25.775,1.427,0,73.982
191.638,29.341,24.582,3.261,1,86.558
190.491,24.885,31.723,1.852,1,84.784
168.217,32.792,31.896,2.734,1,89.363
169.734,21.305,36.437,2.805,1,88.585
181.304,14.373,35.5,1.457,1,87.006
200.714,40.816,29.339,3.31,1,84.279
157.013,20.163,23.779,1.089,0,78.467
183.34,20.452,28.404,2.934,0,74.329
163.487,24.474,31.086,1.532,0,75.205
172.388,25.537,28.99,2.419,1,85.608
175.627,21.907,27.111,1.446,1,86.766
174.954,24.861,31.264,2.06,1,87.126
173.594,24.682,27.48,0.71,0,76.104
180.086,26.399,26.86,2.297,0,74.335
173.577,6.14,31.557,2.053,0,75.201
162.451,40.047,27.99,1.352,0,76.867
189.358,23.822,31.221,1.934,1,84.693
189.034,29.645,31.366,2.161,0,71.512
190.118,13.975,24.303,1.26,1,84.097
161.511,21.232,27.594,1.845,1,87.128
183.587,19.621,37.189,0.793,0,74.209
188.112,36.758,24.19,4.815,1,83.592
167.626,20.313,19.417,3.271,0,75.357
180.11,31.065,20.691,2.328,0,75.353
178.605,19.797,30.146,3.407,1,86.619
202.106,21.379,30.155,0.375,1,80.237
203.094,23.036,29.412,1.069,0,69.289
160.028,35.271,36.071,1.521,1,89.113
209.927,9.881,16.636,0.346,0,65.404
169.017,14.475,31.98,1.716,0,75.986
191.768,9.422,37.807,2.247,0,72.41
191.646,16.3,24.361,3.104,0,72.029
168.052,18.507,28.101,0.634,1,88.789
185.919,12.084,26.236,2.48,1,84.357
178.71,19.127,25.528,2.017,1,85.728
186.652,8.882,28.369,2.417,1,82.866
182.768,16.856,37.137,1.376,0,73.242
194.356,34.603,39.187,3.66,1,83.266
180.905,28.229,28.32,1.876,0,73.333
177.986,26.5,39.525,4.129,1,87.436
193.153,16.978,30.178,1.052,1,83.419
186.965,12.711,38.768,2.891,1,88.525
188.782,15.887,29.534,1.928,1,82.634
172.025,24.654,30.655,1.607,0,75.697
167.457,31.945,31.827,2.759,1,87.457
173.187,32.219,45.894,1.641,1,88.389
172.55,30.045,34.256,1.194,0,75.84
189.434,19.1,26.464,1.675,1,85.185
191.712,25.196,34.845,3.527,1,84.006
178.138,22.429,28.191,3.476,0,74.261
197.171,23.39,27.551,4.265,1,82.574
196.422,41.297,34.543,1.979,0,70.968
182.921,10.904,30.155,0.449,1,84.254
170.137,23.123,31.393,1.496,0,75.674
198.905,34.694,30.07,2.014,0,71.671
179.268,13.273,31.683,0.792,1,86.583
181.514,19.85,32.125,3.978,1,85.643
175.925,20.768,20.315,4.687,1,86.093
169.323,23.214,33.333,2.574,0,74.316
162.376,12.232,25.09,1.987,1,89.208
187.594,29.762,22.789,0.446,0,72.123
170.599,30.33,29.708,3.856,1,89.294
216.714,29.067,30.42,2.092,0,69.636
166.967,18.037,26.532,1.653,1,87.929
164.911,25.692,34.155,2.577,1,88.137
186.122,17.804,23.289,1.297,0,72.511
198.352,22.339,27.965,2.176,0,71.254
180.775,42.228,27.076,0.269,1,86.769
186.867,25.766,29.767,3.305,1,84.521
157.877,15.5,31.394,1.875,0,78.558
171.87,26.443,24.961,3.391,1,88.295
167.117,14.186,33.621,1.759,0,75.836
157.259,15.408,30.315,1.837,1,87.949
181.404,16.671,20.54,0.545,0,73.722
153.086,21.446,20.207,2.912,0,77.621
164.134,32.496,29.938,0.949,1,89.96
173.554,29.627,28.895,1.416,1,87.964
170.025,29.184,29.483,2.001,0,74.154
184.757,16.209,29.86,2.145,0,73.107
183.667,20.669,31.128,0.047,0,74.154
190.726,27.176,34.738,1.723,0,73.601
189.029,19.973,24.444,2.954,1,84.336
193.69,22.773,24.14,1.546,0,69.137
179.977,28.531,24.533,1.73,1,87.875
183.642,22.21,31.445,2.195,0,74.143
186.138,26.808,36.225,1.849,0,72.271
181.7,37.742,27.843,0.763,1,85.805
175.234,23.625,17.492,1.956,0,74.827
176.011,34.435,21.48,3.193,0,76.074
170.189,29.475,25.835,0.739,0,75.641
185.059,13.262,27.211,1.551,0,73.636
178.872,16.183,27.958,0.342,1,83.821
172.042,18.331,30.193,3.13,1,86.191
172.053,18.161,28.441,1.889,0,72.865
165.475,24.278,35.247,0.98,0,76.157
191.746,29.917,26.62,2.111,0,74.221
180.943,35.041,25.688,0.556,0,77.086
169.646,27.465,32.394,0.76,0,76.813
189.703,21.435,22.322,0.248,0,71.29
173.275,8.342,31.948,0.72,1,86.443
163.122,25.565,30.513,3.629,0,78.066
192.255,25.206,29.263,1.12,1,82.294
173.555,26.463,37.941,2.559,1,87.358
175.093,41.85,26.889,0.996,0,77.861
180.494,34.925,40.301,2.911,0,74.167
193.711,31.28,28.873,0.769,0,71.354
180.24,17.303,23.615,2.047,0,73.592
165.611,20.896,30.35,2.063,0,77.101
186.527,24.241,24.619,4.793,1,84.161
174.18,18.797,26.241,2.757,0,74.98
202.655,29.004,31.985,1.289,0,71.391
179.987,27.855,32.778,2.822,1,89.066
153.18,16.294,26.889,4.566,1,90.398
184.288,34.575,34.937,0.044,1,86.4
203.335,25.818,35.788,0.989,1,84.371
198.911,11.167,37.182,1.716,0,69.866
201.971,24.589,32.647,1.499,0,68.964
167.763,27.25,36.817,1.601,0,77.379
190.946,32.782,20.596,0.435,0,73.718
171.336,22.3,28.41,3.685,0,76.151
182.691,31.624,25.665,0.293,0,73.98
164.725,26.497,30.596,1.76,0,75.531
172.267,14.48,27.143,3.255,0,74.948
171.885,13.679,29.169,1.964,1,88.62
190.783,33.98,39.411,0.825,0,71.988
189.609,34.568,29.151,0.382,0,72.908
183.322,27.583,32.069,1.724,1,85.596
163.795,36.966,28.839,1.092,1,89.14
176.26,33.453,30.379,2.246,0,75.897
171.047,30.469,30.03,0.318,0,76.873
190.436,17.71,32.242,2.976,0,72.716
194.138,38.851,35.827,2.139,0,71.805
192.677,29.29,38.237,2.228,0,70.812
170.937,21.913,31.548,3.729,1,88.238
147.126,19.654,32.948,1.475,1,91.537
158.796,27.054,24.246,1.129,0,80.258
197.06,11.632,29.561,1.343,1,84.767
175.185,30.597,34.701,1.769,1,90.226
170.991,17.371,34.33,1.891,0,74.652
199.712,27.965,31.058,1.003,0,71.766
195.182,20.827,34.432,0.428,1,84.684
180.293,22.885,32.454,1.327,0,75.253
176.479,18.945,36.002,2.432,0,74.545
178.415,23.71,31.447,2.164,0,76.215
182.726,40.115,28.222,3.439,1,86.728
199.201,36.08,31.679,4.347,0,71.846
185.07,27.836,15.347,2.911,1,83.08
188.712,24.798,31.914,3.659,0,73.689
194.031,31.754,11.758,2.92,1,83.055
165.964,34.04,21.383,4.052,0,77.596
189.058,18.361,32.259,4.221,0,72.766
176.465,24.38,32.388,3.141,0,75.336
149.807,10.424,24.188,2.848,0,78.615
154.462,33.985,26.439,1.754,1,92.302
167.783,41.52,36.853,1.95,1,89.694
186.375,25.641,27.58,1.595,0,71.424
181.366,8,41.215,2.746,0,74.378
182.212,29.871,29.99,1.136,0,73.323
203.411,17.767,32.04,1.771,0,68.265
164.771,19.693,38.084,0.826,0,76
179.671,30.013,30.655,4.068,1,87.133
183.653,27.036,24.988,1.735,0,73.498
171.165,21.095,29.451,2.547,1,85.169
180.34,19.803,29.822,3.749,0,73.558
160.801,26.007,23.176,2.36,1,90.978
196.919,21.724,28.721,3.733,1,82.553
171.821,16.126,26.289,0.51,1,86.956
204.377,22.339,34.622,4.877,1,83.335
179.61,27.717,30.173,3.305,1,87.596
192.337,23.575,28.586,2.251,0,73.249
179.36,13.692,29.469,3.71,0,70.483
179.631,32.913,31.116,0.598,0,77.077
172.992,3.09,33.084,1.654,1,87.265
181.429,21.429,25.001,3.733,1,88.632
183.816,20.038,24.792,0.24,1,84.216
170.589,26.185,35.523,2.673,0,74.325
178.499,29.493,27.938,2.639,1,86.845
172.679,34.014,22.916,4.363,0,75.574
207.596,19.301,32.219,0.1,0,69.986
178.923,29.693,32.317,3.932,1,88.281
198.543,26.567,22.346,1.329,0,70.669
177.653,11.308,31.147,1.464,0,73.77
183.111,40.204,33.678,0.534,1,87.563
164.144,13.49,31.872,0.695,1,88.35
174.635,28.356,33.16,2.484,0,75.317
182.526,28.12,22.979,0.665,0,75.026
199.032,27.205,31.655,2.888,0,72.701
182.664,21.043,28.487,1.204,0,74.908
196.605,31.618,27.586,0.544,1,83.486
187.689,12.517,34.353,1.367,1,81.917
199.529,24.473,37.396,2.404,1,83.045
179.291,20.489,38.972,1.667,1,85.796
208.683,19.582,36.574,2.041,0,69.085
174.175,28.43,29.451,2.835,0,74.822
170.802,33.62,31.764,3.299,0,76.636
165.479,22.254,33.834,1.628,1,87.794
207.972,31.245,30.606,0.747,0,68.233
189.833,25.398,30.654,2.091,0,74.154
175.991,17.858,34.119,2.565,1,85.736
194.988,22.936,29.704,0.247,1,83.564
188.252,22.604,26.354,0.931,0,73.734
203.594,19.427,27.928,1.137,0,70.812
161.426,28.428,33.17,1.751,0,79.061
176.816,26.877,30.015,1.087,0,75.45
174.45,12.275,31.701,2.848,0,75.589
156.316,11.788,33.35,0.074,1,91.686
192.724,28.397,28.126,0.104,0,72.73
176.755,18.478,33.781,1.599,0,72.577
188.876,27.416,31.894,1.789,0,72.408
208.317,31.247,23.826,0.254,0,70.205
175.761,14.832,37.212,1.272,0,74.161
174.946,13.708,27.496,1.519,0,76.451
181.424,38.395,21.725,1.528,1,86.458
191.847,27.813,24.775,2.182,0,72.277
173.199,21.646,24.895,1.206,0,76.517
172.428,17.528,30.261,3.773,1,87.108
192.686,20.916,28.631,2.586,0,72.015
184.544,15.475,28.316,1.031,0,74.005
155.463,32.067,33.099,2.113,0,77.629
165.295,18.786,31.699,2.149,0,76.417
198.015,33.748,31.58,3.458,0,72.756
184.823,21.795,32.049,1.28,1,85.521
170.854,16.653,33.081,2.921,0,77.46
177.955,21.59,19.46,2.05,1,84.145
180.159,4.007,28.178,3.79,0,70.993
188.829,24.034,19.099,3.549,1,85.131
163.701,23.639,30.18,2.236,0,78.3
169.909,31.598,29.977,1.685,0,76.379
183.275,9.91,35.228,2.608,0,73.647
178.802,34.295,35.938,1.783,1,88.364
186.862,31.565,31.014,4.016,1,84.633
165.246,35.016,27.498,2.094,0,76.683
184.286,24.578,32.426,1.513,0,73.952
193.099,33.111,27.36,1.448,0,73.482
185.842,13.23,29.993,0.544,1,83.243
181.669,30.704,34.931,2.668,0,74.451
178.849,18.831,27.211,1.016,1,85.804
169.982,11.789,34.028,3.318,0,76.114
179.136,16.007,33.387,0.448,0,74.175
195.116,25.044,25.226,2.153,1,82.788
178.572,18.406,34.869,3.38,0,76.003
169.322,28.009,33.493,0.583,0,76.03
174.093,10.534,30.51,4.422,0,74.27
182.41,7.983,26.188,1.49,1,82.845
175.518,35.979,25.704,2.169,0,74.794
185.824,32.23,27.312,2.686,0,74.27
186.274,16.606,32.713,2.871,1,85.287
190.668,24.976,25.222,2.329,1,84.959
197.083,33.156,32.188,3.197,0,72.585
191.95,28.354,23.791,2.623,0,74.645
168.789,26.186,28.98,4.113,1,87.541
169.158,33.761,30.548,2.627,0,74.961
179.091,19.154,42.226,4.358,0,73.564
174.586,25.249,23.113,3.081,1,86.201
166.34,24.857,37.36,0.167,1,88.049
174.7,22.818,30.749,5.133,0,75.373
174.306,21.882,32.056,1.311,1,88.844
171.938,25.583,30.592,3.795,1,89.763
176.211,25.275,32.224,2.032,1,87.815
194.141,16.613,29.232,3.273,0,73.882
182.391,31.414,37.27,1.174,1,86.29
209.662,17.189,27.718,2.751,1,78.519
182.046,23.254,35.661,1.696,1,87.474
176.519,22.638,26.778,3.895,1,84.517
180.05,27.865,29.699,2.526,0,73.642
183.078,8.047,24.64,3.123,0,73.185
185.223,32.127,32.275,0.597,0,73.878
204.921,19.584,37.226,1.897,1,81.721
169.856,34.76,29.613,2.493,0,75.375
190.309,21.175,29.016,2.268,0,72.253
182.493,24.609,24.427,3.153,0,74.854
161.147,40.31,28.854,1.561,0,78.679
189.248,22.781,22.036,2.059,1,83.208
195.211,34.911,25.436,3.417,1,82.531
169.714,25.312,31.134,0.734,0,75.355
179.893,28.323,36.595,2.707,1,87.419
159.296,25.56,44.046,1.599,0,79.275
164.894,31.783,27.067,0.905,1,88.419
192.576,19.516,37.177,2.404,1,81.513
174.403,17.128,31.219,3.473,0,75.5
166.694,19.891,29.244,3.247,0,75.373
182.754,25.798,32.163,1.838,1,86.887
173.731,23.233,30.31,3.051,1,86.531
174.35,30.682,30.552,3.042,1,86.6
188.872,35.438,27.958,1.895,0,73.511
166.059,17.193,23.009,1.168,0,78.921
169.136,19.128,22.282,1.238,1,88.516
181.849,13.51,33.266,3.005,1,85.705
191.633,41.243,28.616,1.949,1,85.642
194.858,27.437,27.02,0.745,0,69.621
172.019,28.838,30.043,0.022,0,74.722
191.249,14.278,33.975,2.998,1,80.918
170.59,24.991,30.902,1.344,1,90.214
201.915,29.074,26.72,2.396,1,84.369
166.395,22.978,36.131,3.488,0,77.506
195.942,33.606,37.896,0.429,1,84.604
172.122,43.495,32.473,1.946,1,87.189
204.159,17.423,34.868,1.795,1,81.577
187.096,16.823,36.21,2.456,1,87.094
167.808,17.978,35.65,3.487,1,88.613
173.733,37.85,33.07,0.405,0,75.775
189.374,33.339,32.992,2.684,1,83.253
192.632,23.916,32.598,3.238,1,85.848
179.151,25.292,24.513,1.776,1,86.212
180.536,18.468,33.504,1.835,1,83.979
189.1,32.12,23.221,2.502,0,71.741
181.582,21.961,26.027,2.414,1,84.201
164.478,22.919,36.518,2.699,1,89.237
170.244,29.87,34.201,2.674,1,88.907
182.821,23.496,37.437,0.822,1,85.57
194.586,23.12,28.642,3.188,1,84.526
199.392,25.085,24.239,3.4,0,70.721
189.354,31.363,28.798,2.223,0,74.313
183.447,38.172,30.51,0.207,1,86.167
188.986,29.684,30.395,1.862,1,88.738
171.999,31.427,35.668,2.233,0,75.832
178.161,23.401,28.194,0.626,1,85.461
170.11,19.338,31.76,1.568,0,74.697
165.015,30.232,25.057,0.309,0,76.911
184.003,26.37,32.252,2.729,1,83.811
182.226,13.619,30.016,2.199,0,73.671
188.252,22.375,26.251,0.025,0,70.283
186.553,24.337,28.821,2.422,0,73.316
182.912,20.916,29.079,1.932,0,71.963
186.679,36.854,28.649,2.62,0,73.384
179.488,28.839,38.857,1.53,0,75.891
184.955,35.985,29.508,1.038,0,76.908
171.286,27.107,28.781,1.075,0,74.74
184.436,25.651,19.513,1.354,0,72.936
188.021,17.507,25.529,2.023,1,83.415
171.964,25.095,28.685,2.178,1,86.743
180.622,25.104,26.571,1.771,0,73.265
172.517,14.063,36.909,1.492,0,76.425
173.682,20.684,29.175,1.578,1,86.651
166.501,22.414,36.442,5.009,0,79.696
195.189,28.308,30.309,1.075,0,72.379
192.788,28.691,30.186,1.33,1,83.117
186.449,20.349,29.556,5.953,1,84.498
203.666,28.751,30.019,2.505,0,69.404
177.729,23.543,38.594,0.344,1,88.111
216.381,2.043,18.402,3.011,0,63.928
177.27,21.122,19.992,0.908,0,72.549
183.062,33.632,27.284,3.091,1,85.521
175.227,11.546,30.073,1.747,1,87.275
184.468,25.902,33.451,1.472,1,87.302
190.027,37.682,32.365,3.931,0,75.131
178.633,18.915,28.079,2.68,1,86.821
201.321,25.017,35.095,3.168,1,82.719
182.87,14.568,35.151,2.522,0,74.469
183.246,38.018,30.92,1.467,1,85.269
169.092,24.333,34.813,2.734,0,74.351
185.022,25.373,31.363,3.451,0,74.111
178.392,35.834,27.193,2.162,1,85.992
172.701,30.292,33.489,4.162,1,88.127
170.682,17.995,30.553,3.021,1,87.828
212.061,19.822,30.007,2.254,0,68.616
176.838,28.959,37.365,2.302,1,88.7
162.516,20.007,17.746,2.165,0,77.633
171.621,8.062,22.912,0.499,1,86.771
179.381,24.574,24.065,1.892,0,73.659
186.56,13.158,28.184,2.265,0,72.547
186.658,37.93,28.727,1.501,1,85.198
188.119,26.414,22.463,2.405,0,72.411
172.262,17.759,25.074,2.026,0,78.254
184.085,19.411,25.696,2.928,1,85.333
169.487,9.885,42.287,2.796,0,76.54
172.564,16.204,39.009,2.201,1,86.815
168.987,33.131,27.941,0.359,0,77.991
165.739,42.854,28.182,4.149,0,78.86
192.771,30.811,24.254,1.83,0,73.083
188.263,24.264,20.459,1.903,1,84.649
191.72,21.544,29.416,1.589,0,73.295
180.472,17.348,25.011,1.414,0,75.133
189.322,41.478,29.576,3.853,1,86.029
158.865,23.49,21.999,3.663,1,89.576
190.357,41.925,26.19,2.533,0,74.434
182.125,36.148,30.743,1.871,0,73.639
187.525,11.074,31.831,2.743,0,71.44
184.56,19.672,32.087,2.089,1,85.3
168.155,19.648,23.398,1.772,0,73.791
162.024,24.361,34.273,2.406,0,78.804
171.455,24.517,25.999,1.471,0,74.554
186.779,48.97,33.164,2.303,1,86.21
188.281,16.382,29.947,2.245,0,72.134
163.585,26.832,23.118,2.724,1,89.168
168.227,29.932,28.419,1.257,0,76.324
171.321,24.987,31.827,2.852,0,75.972
175.712,25.881,33.065,0.912,1,87.306
163.655,16.642,29.295,1.313,1,88.269
162.935,25.852,37.659,1.365,1,88.978
170.138,29.091,35.038,0.714,1,89.97
181.035,27.621,28.717,3.219,0,71.781
165.833,29.562,33.751,0.837,1,89.164
178.61,36.301,39.669,1.161,0,75.249
192.703,32.496,39.802,3.506,0,73.556
164.379,25.57,23.86,1.315,1,87.194
177.523,15.626,25.367,1.774,1,85.452
192.297,20.2,37.425,0.786,1,84.147
174.981,23.243,24.709,3,1,88.218
173.116,27.019,23.387,3.016,0,75.828
193.962,21.173,27.569,2.887,1,82.116
176.326,17.514,32.101,2.645,0,74.132
193.254,15.494,29.488,2.088,0,72.482
185.148,11.791,26.747,1.371,1,83.077
175.886,23.12,26.629,1.022,1,86.765
185.756,13.243,26.438,3.548,0,72.469
183.845,16.996,25.602,2.918,0,72.545
192.251,21.849,41.408,1.168,0,75.811
173.42,14.313,31.488,2.048,0,74.522
180.494,28.038,34.434,1.64,0,75.255
179.262,30.922,27.555,0.646,0,73.846
188.45,20.605,29.07,2.213,1,85.202
167.698,21.504,26.432,1.501,0,77.271
192.204,29.299,16.741,0.857,1,83.093
185.596,19.288,23.11,0.225,0,72.64
164.197,18.738,20.947,0.123,1,87.342
194.499,34.572,18.751,1.554,0,70.429
206.809,32.074,24.023,1.898,0,70.944
192.022,29.812,36.625,0.95,1,84.191
197.124,32.405,29.778,2.781,0,68.855
181.024,9.182,36.453,1.921,1,87.708
160.062,35.831,32.055,2.692,1,89.779
157.871,28.136,33.913,1.781,0,78.471
183.061,33.086,25.496,1.055,0,76.078
172.896,28.097,32.62,2.137,1,87.825
169.025,25.391,33.644,0.485,0,76.385
179.247,22.798,27.117,2.647,1,84.785
187.387,27.937,32.798,0.875,1,83.425
162.567,22.506,32.831,3.102,1,89.33
174.613,31.943,27.252,1.594,1,88.084
198.118,12.308,24.386,3.275,1,82.463
167.097,20.667,24.079,0.653,0,75.589
190.437,41.359,30.433,1.187,1,85.549
174.183,19.991,31.635,2.457,0,73.024
186.55,23.091,26.037,3.405,1,85.461
193.168,17.939,30.133,4,0,71.806
188.895,27.687,32.853,2.05,1,87.471
190.91,19.11,33.091,4.205,1,84.246
166.181,23.515,37.759,1.652,1,88.055
193.364,31.791,36.385,3.319,0,72.66
169.768,19.41,24.994,0.869,0,75.263
183.115,31.309,38.418,2.504,1,87.16
183.099,31.578,27.345,0.81,1,86.136
185.821,33.44,35.224,0.654,1,84.608
184.043,26.124,30.34,2.56,1,83.794
169.874,50.93,27.939,0.425,0,77.991
163.802,33.436,20.962,2.512,1,91.03
190.468,27.599,29.142,3.088,1,84.724
182.23,17.993,22.203,1.398,1,86.164
193.793,24.224,34.836,0.837,0,73.328
179.463,36.411,37.584,1.431,0,75.881
163.138,38.676,26.015,0.841,0,77.079
191.594,36.827,31.51,1.879,0,73.333
175.556,31.282,26.373,2.123,1,88.844
184.104,14.955,26.858,1.633,1,85.537
172.23,28.897,33.872,4.009,1,89.124
199.732,15.069,29.807,1.137,1,81.688
169.481,13.1,38.698,3.67,1,87.771
175.951,26.913,27.589,0.751,1,86.981
181.289,29.186,34.997,2.087,1,86.607
166.894,32.227,30.487,3.42,1,90.619
183.966,28.977,33.979,3.358,0,71.307
199.343,29.253,27.764,1.496,1,83.098
174.114,17.123,29.752,2.666,1,86.879
184.742,24.16,29.423,2.505,1,83.821
147.007,12.943,25.82,1.352,1,92.212
179.533,8.973,33.31,2.739,0,72.819
176.243,30.925,33.251,4.235,1,87.166
170.178,18.975,32.968,2.566,1,90.173
192.977,31.98,37.685,2.68,0,74.079
176.085,33.867,37.247,2.807,0,76.688
177.87,20.045,28.125,0.247,1,86.849
175.474,29.722,31.865,2.552,1,87.394
156.998,19.711,26.882,0.78,1,92.466
166.416,10.233,30.117,1.292,0,76.928
191.533,25.986,27.001,4.594,1,83.334
154.681,21.233,38.1,1.696,1,89.456
170.804,21.479,31.818,1.112,1,88.615
175.203,40.803,28.91,3.383,0,76.09
200.923,12.793,35.968,0.863,0,68.485
189.223,28.063,19.147,1.463,0,72.895
173.314,17.042,19.929,3.499,1,86.3
195.654,32.266,33.979,2.051,1,84.854
171.114,27.387,30.302,0.126,0,76.688
192.109,28.035,31.252,2.653,1,83.735
163.693,17.441,23.368,1.524,1,89.309
192.879,18.875,29.884,3.848,0,71.111
175.126,32.418,40.018,1.273,1,87.704
167.658,39.166,34.121,3.261,1,89.039
177.394,28.842,30.849,4.131,0,76.499
183.328,17.821,27.805,0.979,0,72.924
174.063,27.712,28.027,1.768,0,77.18
186.647,44.42,19.354,2.466,0,75.977
173.004,25.819,31.288,0.971,0,74.886
187.444,36.695,34.227,2.324,0,70.468
185.307,19.077,22.122,1.73,1,85.949
179.269,24.663,26.693,1.706,1,85.936
174.703,29.957,24.213,2.059,0,74.322
181.818,28.179,25.173,2.086,1,85.316
186.603,18.869,30.267,2.197,0,72.359
204.742,18.524,19.578,1.281,1,82.593
191.273,32.906,33.071,1.334,1,85.191
191.712,34.532,33.769,1.858,1,86.593
217.062,37.097,28.744,1.946,0,68.985
186.192,39.431,17.596,1.473,1,85.16
185.816,26.077,25.018,2.389,1,84.7
188.448,22.51,36.165,0.178,1,85.712
167.892,35.808,16.11,1.123,0,77.518
174.673,30.705,28.262,1.664,1,88.81
173.926,17.14,24.1,0.973,0,74.413
187.771,16.731,34.023,3.955,0,72.916
177.91,28.935,26.624,2.023,0,75.544
181.659,23.582,32.02,2.212,0,73.657
193.049,24.789,32.827,1.42,0,70.818
190.358,33.58,39.181,1.981,0,72.542
178.059,31.072,28.985,0.542,1,86.774
171.96,35.639,31.88,1.796,1,89.374
193.623,9.548,22.575,0.876,0,72.16
189.287,27.027,35.952,1.667,1,83.52
160.725,30.558,26.197,1.072,1,89.296
176.242,12.787,27.196,0.646,0,73.774
181.986,19.761,29.889,3.757,0,74.676
189.346,18.276,22.186,2.996,1,83.29
190.921,25.174,31.144,3.583,0,71.986
183.407,38.023,34.837,3.665,1,85.116
187.023,41.181,31.465,2.808,1,86.76
180.77,18.486,22.056,1.457,0,73.28
171.914,29.212,29.381,0.755,0,75.292
176.865,29.47,33.71,3.376,0,75.107
180.228,28.101,20.61,2.077,1,87.428
179.584,28.192,24.626,4.993,0,73.192
157.373,27.43,34.383,1.562,1,89.828
175.23,38.501,31.35,4.367,0,77.639
180.674,33.82,32.06,1.812,1,87.002
176.624,16.519,39.297,3.603,1,87.767
177.038,31.366,32.343,4.036,0,75.914
185.856,32.139,33.289,0.772,1,85.896
167.053,27.52,43.554,1.418,0,77.141
160.463,34.051,28.931,0.76,0,79.404
175.822,26.505,26.011,0.524,1,88.438
189.169,26.604,32.139,2.8,0,74.254
200.251,25.97,32.195,1.764,0,69.5
189.386,8.854,27.366,2.063,0,73.176
162.381,24.357,24.838,2.667,1,88.845
177.212,19.654,41.549,0.229,0,74.253
183.08,15.508,31.634,3.544,0,73.155
182.131,36.472,26.339,1.581,0,75.519
186.472,29.034,34.58,2.639,0,74.355
168.995,24.761,29.454,2.745,1,88.033
180.779,20.482,28.736,3.645,1,86.931
185.044,27.369,32.811,1.874,1,85.943
189.908,32.931,23.541,0.548,0,72.082
170.331,18.384,31.763,2.069,1,86.982
175.858,24.961,39.565,2.241,0,76.114
147.554,31.945,32.331,0.759,0,80.674
172.542,9.512,28.119,2.177,0,73.068
173.707,24.539,27.464,1.567,1,88.395
167.765,21.566,27.948,0.389,0,75.717
181.987,23.929,28.73,2.806,0,75.825
179.329,20.987,28.111,1.324,1,84.502
152.889,26.101,34.582,1.512,0,79.358
182.586,40.389,21.334,1.445,1,85.585
168.86,22.409,34.31,3.483,1,87.295
185.828,27.334,28.102,1.951,0,72.812
164.618,40.958,31.885,2.095,1,92.345
180.36,20.6,24.365,1.471,1,85.961
176.602,39.517,36.643,2.555,0,75.265
183.637,25.043,36.228,3.619,0,71.865
181.496,39.255,34.798,2.777,0,73.16
176.938,31.002,22.426,2.824,0,74.289
161.565,27.457,34.146,2.727,1,89.313
162.274,24.475,32.024,0.344,0,77.392
172.993,20.008,21.974,0.949,1,84.234
179.901,25.606,29.879,1.754,1,86.338
172.701,32.179,31.823,1.129,1,89.469
187.503,24.895,32.78,0.723,0,75.13
176.649,22.467,30.886,0.247,0,72.622
168.42,22.994,31.456,0.384,0,75.475
176.663,32.94,37.368,1.692,0,74.82
182.71,34.801,36.13,1.917,1,86.982
183.899,19.663,15.665,1.048,0,71.198
202.541,19.651,28.413,2.095,1,83.961
171.973,28.035,29.177,1.479,0,76.038
179.118,37.22,21.24,3.309,0,74.706
185.113,34.168,30.471,1.806,1,87.964
179.719,14.985,36.244,2.836,1,86.143
173.993,22.887,24.567,2.244,1,87.563
161.409,17.555,31.682,0.318,1,88.483
173.87,22.86,25.421,1.891,0,73.501
167.116,37.835,26.64,0.517,0,76.589
159.281,13.619,37.387,1.87,1,92.44
170.452,12.049,27.287,1.106,0,75.966
167.435,18.372,32.311,2.458,1,88.709
187.005,27.298,20.644,0.389,1,83.637
187.213,29.966,39.312,2.018,1,86.959
169.153,28.5,33.013,2.687,0,75.084
176.877,34.405,29.088,3.089,0,73.6
157.701,10.895,32.878,1.083,0,77.041
174.068,34.507,22.951,2.021,0,78.031
184.788,22.503,35.913,2.221,1,87.961
189.899,30.852,28.38,3.857,0,72.347
171.443,14.413,28.98,0.222,1,86.445
192.622,25.04,27.542,0.907,0,70.039
161.812,26.89,27.097,5.365,1,89.736
165.028,34.246,33.473,1.672,0,78.018
188.516,12.318,31.28,0.269,1,85.118
200.053,25.246,33.259,1.301,0,72.061
185.921,16.318,29.956,1.323,1,84.574
179.516,29.044,32.566,2.289,0,75.525
153.658,31.218,27.906,2.972,0,78.569
155.731,35.297,41.149,0.906,0,80.588
181.553,20.72,22.16,1.435,0,72.863
175.703,32.418,36.305,3.108,1,88.485
166.73,35.887,36.84,0.1,0,78.238
180.786,11.854,25.739,0.414,1,85.339
181.382,29.899,41.146,1.726,1,87.956
191.333,32.668,34.977,1.097,0,71.185
181.639,22.93,34.856,1.647,0,72.946
194.741,15.314,30.14,0.483,1,82.848
180.096,32.544,28.914,2.257,1,85.049
178.616,15.404,28.953,1.821,0,73.533
192.772,23.573,31.953,2.659,1,83.664
168.259,24.679,37.006,2.24,0,78.416
213.773,30.724,30.907,2.248,0,68.881
184.503,19.987,25.443,0.264,1,86.296
184.57,19.523,34.122,2.591,1,85.817
186.301,25.791,34.606,1.603,0,72.901
202.526,33.051,33.273,1.8,1,83.153
189.51,43.3,33.727,3.258,0,74.848
160.739,12.94,28.645,1.137,1,90.508
196.842,27.523,25.355,3.621,0,71.129
175.909,16.308,25.659,3.733,0,72.421
181.286,33.15,21.823,2.903,1,84.187
164.649,17.492,31.185,0.823,0,76.38
186.314,19.603,29.583,0.624,1,82.113
172.184,20.286,27.8,3.295,1,89.568
181.202,24.39,15.222,2.134,0,74.124
176.591,27.586,23.763,1.106,1,86.094
203.1,28.87,35.604,3.408,0,69.423
203.787,24.954,26.677,0.966,1,83.183
180.558,14.361,31.803,1.491,0,72.415
180.768,30.822,23.047,2.63,1,85.042
175.519,24.576,37.194,0.664,1,86.622
193.272,34.294,29.28,1.869,1,84.67
176.053,19.338,31.45,3.307,0,75.588
174.944,12.182,41.629,2.253,0,76.554
191.743,24.728,37.582,3.497,1,85.903
173.54,35.368,28.467,3.36,1,88.109
179.547,26.288,27.034,2.009,1,87.635
161.024,23.403,28.372,0.804,0,76.833
188.45,18.037,32.549,0.673,0,70.404
203.29,39.062,29.474,2.916,1,82.22
188.655,16.763,28.024,0.14,1,83.282
197.542,19.197,37.336,1.608,0,70.503
169.847,29.56,29.429,2.406,0,75.321
182.836,10.152,41.498,3.763,0,73.02
168.682,35.197,30.454,1.31,0,77.816
177.267,29.994,38.927,1.228,1,89.696
189.267,32.194,31.787,1.937,0,71.183
181.222,29.465,34.815,2.421,1,85.143
163.048,23.711,26.377,1.815,0,76.243
164.22,16.495,25.731,3.259,0,77.436
163.426,23.879,32.299,1.041,1,89.185
185.897,17.198,34.943,2.144,1,84.249
204.767,28.889,30.201,2.534,1,83.045
196.349,31.454,23.568,1.52,1,84.67
157.248,36.814,23.199,3.008,0,78.842
197.053,27.974,22.864,2.179,1,82.173
191.237,32.397,21.162,2.947,0,72.704
161.456,22.623,30.547,2.233,1,89.343
176.362,21.174,35.625,2.452,1,86.817
193.146,28.789,29.933,1.241,1,83.643
186.605,21.908,18.698,1.243,0,73.57
164.291,27.153,29.046,3.469,0,77.609
187.329,16.51,29.186,2.763,0,73.774
154.35,17.947,40.48,0.772,1,92.721
177.326,30.083,22.714,2.217,1,87.373
193.655,32.094,28.047,0.849,1,83.662
180.221,17.115,38.529,1.311,1,87.562
174.013,30.365,32.25,3.153,0,76.471
190.672,20.738,32.817,1.85,1,87.488
191.697,25.132,30.573,2.141,1,84.703
195.72,36.336,31.65,1.62,0,73.17
190.492,31.46,33.888,1.529,1,85.442
192.976,31.367,25.953,2.406,0,72.125
188.795,40.27,34.39,2.558,1,85.642
183.186,19.369,23.135,3.155,0,73.498
181.074,17.113,31.642,1.748,0,74.441
177.153,19.223,30.894,1.801,1,87.996
165.452,22.964,26.919,0.401,1,89.113
168.536,6.164,29.887,1.755,0,74.772
176.616,23.341,26.887,0.486,0,74.362
182.897,20.643,24.641,0.217,0,71.762
197.29,31.27,28.232,0.698,0,73.569
179.498,27.819,24.48,3.81,0,73.734
192.042,20.194,31.614,1.675,0,73.186
192.952,29.72,24.25,2.264,1,84.396
177.223,30.786,33.56,1.384,1,87.79
187.136,18.852,24.093,0.149,1,84.31
177.078,21.056,27.169,3.123,0,73.602
195.866,7.197,26.877,0.607,1,81.158
187.63,16.275,36.626,1.334,1,86.909
165.714,19.06,31.651,1.934,0,76.834
181.938,25.593,28.941,2.277,1,87.384
199.777,17.437,32.494,1.128,1,84.173
177.825,20.892,19.464,0.206,0,73.525
185.373,15.197,29.784,1.039,0,73.342
186.551,26.369,39.988,1.101,0,73.856
167.561,28.406,30.662,1.072,0,75.488
186.128,28.219,30.34,3.164,0,73.284
163.274,25.099,32.741,0.544,0,78.259
172.493,12.671,34.478,2.361,0,74.637
192.909,20.04,20.013,2.19,1,82.89
184.281,21.742,21.588,3.153,0,72.805
176.346,21.774,31.051,1.84,0,77.45
185.358,25.6,26.426,2.949,0,71.092
179.279,36.404,36.56,1.793,1,88.144
180.151,31.497,28.424,2.521,1,86.38
187.882,17.1,20.327,0.196,0,71.255
171.272,30.427,23.66,1.166,1,87.646
180.484,30.122,16.252,2.453,0,74.734
176.253,18.551,28.829,2.517,0,75.498
160.973,31.791,29.058,2.571,1,90.408
168.955,23.717,27.878,1.37,1,89.516
198.818,13.72,35.394,3.788,1,84.128
184.617,28.642,35.993,1.448,1,87.067
164.117,26.736,29.148,2.505,0,76.665
161.516,23.179,19.327,2.714,1,89.678
178.654,24.7,33.086,4.062,1,87.378
198.734,19.247,32.777,1.62,0,69.843
177.759,29.881,31.547,1.216,0,73.29
195.684,24.652,34.907,0.202,1,81.374
184.223,26.332,24.176,3.863,0,73.512
185.655,27.857,40.044,2.506,0,74.413
163.971,15.763,25.203,2.544,1,87.073
191.25,17.846,33.746,5.74,0,73.388
175.981,7.32,21.563,2.39,1,85.824
190.357,29.518,25.349,0.437,1,86.194
170.23,15.302,37.582,1.765,0,76.4
182.125,26.061,28.696,0.83,0,72.736
184.224,27.968,34.2,1.525,0,74.578
178.152,29.819,31.185,1.517,1,87.885
184.855,15.368,29.475,1.296,1,84.265
176.803,24.479,36.819,0.328,0,73.555
172.211,38.362,28.817,3.911,0,76.665
199.266,38.715,21.096,2.359,1,82.109
192.587,32.899,25.984,1.729,1,85.752
170.87,27.7,32.756,2.909,1,87.855
186.821,16.959,31.978,2.565,1,86.858
171.088,30.749,22.165,2.331,0,73.408
165.784,23.736,26.378,2.822,1,88.864
192.406,29.484,27.091,2.161,1,86.006
159.551,19.937,28.173,2.804,0,76.617
191.122,23.617,23.12,2.904,1,83.78
176.967,26.313,26.858,2.195,1,86.384
177.461,26.97,26.357,1.736,1,85.972
184.917,28.95,33.858,3.836,0,74.238
186.974,20.366,34.046,1.427,0,71.514
170.084,14.254,29.271,2.47,0,75.371
188.613,37.998,28.04,2.497,1,86.151
181.36,44.914,30.7,1.269,0,75.127
164.927,28.579,25.917,1.031,0,75.923
177.962,14.408,24.266,1.575,0,75.081
196.575,18.814,25.299,1.409,0,71.687
200.119,29.073,26.826,0.25,1,81.615
188.608,35.729,24.183,1.218,1,83.65
165.716,15.297,30.81,2.319,1,87.287
185.887,24.005,33.649,3.519,0,74.117
190.21,26.567,22.065,2.665,1,84.59
188.708,31.917,30.126,1.119,1,86.202
189.419,22.251,28.9,2.77,1,84.093
184.359,12.489,31.708,1.33,1,83.84
179.131,29.97,29.935,2.544,1,87.954
172.7,33.998,22.732,1.983,0,75.226
157.225,24.339,23.688,1.769,1,90.368
184.076,28.242,30.147,1.877,1,84.008
182.233,21.204,35.144,1.973,1,85.344
186.691,18.234,18.929,3.613,0,73.447
163.949,33.211,31.729,1.976,1,89.009
187.74,28.1,35.948,3.303,1,86.468
204.655,28.923,29.235,3.128,1,79.362
180.941,37.017,32.751,2.8,1,86.418
179.26,16.561,26.485,0.144,0,73.645
183.708,20.584,29.403,3.34,1,87.529
204.388,26.263,21.895,1.451,1,80.278
167.716,20.485,18.278,2.859,0,76.559
182.438,31.265,34.714,0.833,0,75.841
170.404,23.501,25.075,0.578,0,74.925
173.436,17.06,27.722,4.372,0,74.543
179.405,25.526,23.068,0.852,0,74.362
196.168,26.363,22.95,3.375,1,81.441
201.612,32.477,29.131,2.142,1,82.369
185.378,28.145,26.352,1.496,0,74.97
175.481,28.689,31.89,1.946,1,88.156
209.913,27.562,32.263,0.439,0,69.094
174.869,23.494,31.604,1.983,1,87.449
173.146,19.27,31.193,0.701,0,76.047
158.701,27.311,37.889,1.525,0,79.694
196.753,22.335,24.662,3.11,0,70.29
191.619,38.519,29.725,2.305,1,86.948
209.014,35.737,35.663,0.221,1,83.685
163.326,30.063,36.323,3.022,0,78.834
197.498,28.028,22.891,1.991,1,82.065
180.842,24.296,28.438,1.349,0,72.904
189.673,14.911,36.791,2.896,0,72.001
160.227,23.271,32.54,1.799,0,78.055
197.617,25.811,30.976,0.601,1,81.204
189.438,26.836,28.912,4.217,1,85.35
179.533,28.756,28.081,1.979,1,88.158
187.741,32.371,31.441,1.902,1,86.213
170.814,19.463,28.738,1.514,1,86.847
173.047,19.535,29.787,3.416,0,74.36
174.439,36.607,30.393,1.37,0,76.477
157.767,31.168,26.61,0.146,0,78.418
190.341,21.874,32.661,1.186,0,73.016
194.299,24.142,44.571,3.592,0,73.225
171.584,24.178,21.115,2.999,0,76.732
184.178,25.253,31.62,1.694,1,84.385
176.814,28.781,26.199,3.648,0,75.276
183.939,45.28,32.887,2.898,1,86.616
172.469,26.518,30.233,1.68,1,87.74
169.399,30.301,33.809,1.801,1,89.854
192.625,11.508,35.878,2.395,0,72.78
179.234,21.121,30.962,1.002,1,88.031
204.265,34.831,35.66,2.005,1,83.416
180.556,28.219,18.279,2.37,1,85.775
168.887,0,37.952,0.024,1,86.994
194.723,30.392,31.875,1.773,1,82.085
187.57,40.345,35.389,1.636,0,75.835
188.722,9.033,23.901,3.234,1,83.181
194.287,37.155,25.846,0.213,0,72.957
172.166,2.824,30.73,1.542,1,87.331
178.473,32.504,29.915,1.422,1,85.626
177.943,24.931,31.415,3.152,0,73.729
164.511,6.2,35.423,1.948,1,90.188
176.837,28.569,21.174,4.155,0,75.091
196.037,34.207,34.869,2.795,0,71.613
182.848,27.911,30.041,1.508,0,73.912
163.847,29.679,28.981,2.288,1,90.841
161.33,21.707,22.644,1.575,0,78.316
199.977,10.109,32.515,3.031,1,80.277
178.916,30.535,17.929,0.401,0,76.285
172.231,38.998,33.242,1.012,1,89.96
176.712,34.037,22.539,2.547,0,74.978
162.272,9.097,30.267,3.471,0,75.22
197.077,12.881,29.404,0.642,1,83.834
175.283,18.232,35.848,3.649,1,87.707
196.409,12.256,29.107,1.832,1,80.888
180.62,25.354,26.529,0.261,1,85.858
197.154,28.147,27.467,1.602,1,87.126
183.08,13.558,36.364,0.165,0,73.497
190.239,31.217,32.681,1.976,0,72.174
188.629,29.809,28.072,1.921,1,83.829
187.479,20.615,28.818,2.76,1,86.858
184.175,23.62,22.164,1.341,1,86.191
177.206,9.402,31.942,0.67,0,75.753
202.985,22.342,21.201,1.504,0,69.961
169.117,25.059,33.759,2.04,1,90.055
180.052,26.35,30.643,2.277,1,85.486
180.179,28.031,41.935,1.053,0,75.342
184.829,26.954,24.499,3.082,1,85.717
174.846,22.885,29.487,1.254,0,76.834
183.777,27.29,38.991,0.956,1,86.69
177.974,33.016,35.957,1.349,0,74.793
161.017,24.236,26.519,3.29,1,89.674
180.115,27.541,31.12,1.841,1,84.576
166.793,23.511,30.01,1.167,0,73.903
159.187,19.826,31.41,3.111,1,90.904
181.642,29.183,26.507,4.571,0,73.731
185.855,20.558,29.553,2.252,0,72.744
186.32,28.089,22.01,3.481,0,74.045
186.806,25.226,30.676,3.243,1,86.899
156.809,22.569,32.25,1.273,1,91.182
163.668,22.375,28.863,2.032,0,79.439
203.682,20.935,21.925,0.461,0,70.093
167.433,11.834,34.943,1.754,0,76.482
187.33,28.063,31.823,1.249,1,85.644
171.757,26.852,26.37,1.517,0,74.271
180.956,31.797,28.597,1.1,0,75.713
172.401,20.748,22.497,1.655,0,72.203
186.738,40.163,24.873,2.639,0,73.137
181.641,21.962,27.311,1.857,1,85.815
174.621,17.999,36.142,0.237,1,86.308
167.398,17.051,26.802,1.105,0,75.489
183.213,11.129,33.201,0.177,1,87.357
165.447,37.261,27.308,2.293,1,90.945
185.13,35.969,31.24,2.604,0,73.374
211.518,29.806,29.293,2.308,0,68.416
196.202,17.831,34.365,1.055,0,69.739
188.62,39.49,27.326,2.296,1,86.43
178.973,22.186,22.137,1.436,0,73.723
156.735,22.848,23.09,0.634,0,75.753
164.133,36.498,27.341,2.89,0,77.934
195.394,30.271,23.755,2.982,1,84.16
170.523,42.609,32.051,3.139,0,78.421
171.609,26.99,27.671,1.27,1,87.825
178.012,21.824,41.873,3.415,1,86.714
167.255,20.106,21.311,1.408,0,78.349
165.279,10.224,31.018,2.784,0,76.222
179.394,22.771,24.36,1.387,0,74.957
169.302,34.157,27.533,1.731,0,76.104
171.108,29.791,30.707,0.905,0,77.151
170.626,25.162,18.373,1.638,0,73.769
186.268,17.041,31.184,2.109,0,72.299
177.214,26.815,39.515,1.508,0,74.036
177.857,33.103,27.733,4.107,0,74.433
187.163,28.446,31.299,0.605,1,86.883
178.296,26.334,35.125,1.324,1,86.308
176.661,18.624,29.18,0.914,0,75.439
185.645,31.937,27.095,1.323,0,75.476
188.018,0,18.621,3.238,0,70.855
178.235,28.063,33.205,3.774,0,76.254
180.967,45.563,29.434,1.159,1,88.069
170.619,12.933,24.937,1.132,0,75.251
169.672,23.069,30.633,0.611,1,89.075
189.23,24.937,27.082,3.568,1,86.797
185.339,21.299,27.358,3.345,1,84.32
185.464,33.291,33.031,1.873,0,72.915
183.37,28.78,23.308,0.325,1,84.464
180.554,26.218,35.237,0.432,0,75.828
188.357,31.378,23.012,2.205,1,86.284
191.221,25.134,26.686,2.659,1,83.578
190.935,50.439,39.615,0.479,1,83.876
178.791,26.211,35.637,1.614,0,74.162
196.644,26.562,30.488,3.942,1,84.18
182.742,11.316,25.297,1.739,0,72.77
187.589,20.652,27.354,3.788,0,72.857
183.385,34.179,30.366,2.779,0,73.732
182.964,14.316,30.188,0.699,1,86.452
171.171,7.74,29.546,1.649,1,87.343
188.416,25.259,29.846,1.846,1,85.597
214.144,35.966,28.928,0.857,1,81.049
175.502,25.339,22.79,0.836,1,87.499
180.852,22.311,27.417,3.808,0,74.506
174.646,10.132,34.573,0.827,0,73.587
174.144,28.618,23.158,3.294,0,75.777
198.533,30.29,29.052,1.476,1,84.284
171.924,10.746,25.901,1.969,0,76.18
174.311,34.076,30.557,2.674,0,76.496
160.95,31.126,28.057,1.282,0,76.941
170.909,34.059,37.387,2.681,1,87.976
159.499,29.668,32.533,0.456,0,77.975
187.582,30.229,23.441,2.528,0,73.248
213.596,29.166,33.356,0.962,0,68.624
175.6,31.948,26.127,1.728,1,86.067
159.999,10.45,27.115,3.025,1,87.627
190.8,12.992,31.569,2.747,1,81.296
171.277,19.112,27.541,0.442,0,71.751
195.592,23.961,34.464,0.596,0,71.596
176.616,28.105,26.127,1.174,1,89.786
172.418,27.597,26.905,2.223,0,77.922
177.865,33.937,26.718,0.438,0,73.983
189.093,34.188,27.172,1.984,0,73.353
177.271,18.021,35.496,2.374,1,84.99
174.039,26.909,33.144,1.66,1,86.17
177.614,18.217,38.55,2.63,0,73.413
164.738,23.494,41.338,2.268,1,89.353
184.764,27.574,24.846,1.35,0,73.22
158.559,0,30.352,0.323,1,89.08
174.671,44.29,24.119,2.16,1,89.019
189.113,29.531,26.112,0.856,0,72.433
183.637,20.234,26.85,1.306,0,73.345
187.084,40.419,24.714,2.575,1,84.473
179.219,22.221,24.741,3.701,0,72.497
194.037,26.06,29.279,1.954,1,82.102
191.096,21.103,23.916,2.665,1,84.644
185.354,38.216,34.211,0.267,0,74.034
191.131,24.16,25.411,2.295,1,81.871
189.005,26.196,44.048,1.928,0,73.478
174.726,34.63,27.743,3.475,1,86.316
163.873,29.681,30.36,1.351,0,79.594
185.044,24.565,23.523,1.71,1,84.448
186.553,33.883,38.53,3.271,0,74.998
193.086,45.308,35.598,1.89,1,86.85
168.764,27.539,31.485,0.669,0,75.503
169.123,25.934,23.266,5.062,1,88.168
185.519,26.365,31.053,0.706,0,74.205
179.146,35.483,24.393,1.922,1,87.041
157.371,20.206,37.312,2.416,0,78.985
184.501,22.773,34.046,2.321,0,72.063
157.771,12.7,30.477,1.772,0,78.352
168.657,15.529,17.818,1.778,1,86.681
196.22,20.858,25.083,1.718,0,71.405
201.899,24.553,33.439,0.661,1,83.707
165.412,39.153,36.064,4.58,1,90.981
176.047,29.288,35.546,1.736,0,76.065
180.511,17.703,22.04,2.716,1,86.243
201.375,19.176,31.508,1.598,1,83.105
174.086,35.998,35.078,1.574,0,78.173
174.277,34.013,21.708,1.453,1,87.515
198.585,25.225,29.96,0.14,1,83.263
175.503,21.46,31.369,1.807,0,76.184
188.666,33.999,28.496,1.512,1,84.716
162.274,17.053,20.739,3.406,0,75.048
177.945,28.136,28.372,0.564,0,75.468
160.085,43.181,28.363,1.307,1,90.747
167.335,26.643,29.26,0.922,0,75.292
190.07,18.795,27.183,3.731,0,72.675
179.401,28.283,27.785,0.957,0,76.311
176.171,21.24,29.801,2.675,1,84.898
171.015,13.847,32.212,3.164,1,88.686
177.352,30.608,28.478,1.825,1,84.093
183.613,33.943,27.952,0.348,0,73.703
191.795,22.513,30.462,0.363,0,74.359
148.498,21.982,20.395,3.032,0,79.015
170.019,17.307,32.385,0.487,0,75.962
181.909,23.801,29.997,2.47,1,86.9
178.814,20.501,30.198,2.137,0,72.294
184.841,16.912,34.804,2.453,1,85.37
183.21,40.137,20.236,2.566,0,74.319
176.342,28.732,20.131,0.88,0,77.024
173.678,29.579,31.369,0.829,1,86.398
177.054,32.067,29.964,2.858,1,86.895
193.785,31.168,30.851,1.245,0,71.217
171.216,21.695,27.689,1.3,0,74.426
179.246,27.18,33.322,2.779,0,76.185
182.2,22.848,34.663,0.756,1,86.14
198.724,28.508,32.42,2.561,1,82.694
176.396,27.734,28.696,3.671,1,86.526
191.506,21.939,19.462,2.02,1,82.943
194.784,14.366,33.846,3.195,1,82.725
179.235,26.17,36.109,2.185,0,73.396
177.471,23.366,33.223,3.905,0,74.608
176.051,9.877,25.602,0.725,1,85.552
176.93,29.061,33.369,1.99,0,74.455
190.251,32.723,34.303,2.808,0,73.419
182.772,45.227,37.794,1.772,1,87.792
182.823,21.87,25.619,3.383,1,84.817
166.497,20.69,28.868,1.482,0,76.342
168.39,16.125,33.736,4.483,1,90.734
205.721,26.669,30.287,4.547,1,84.429
177.866,26.619,24.413,2.338,0,73.337
170.703,18.51,32.073,2.663,0,74.69
197.173,23.601,32.893,3.43,1,82.098
183.382,9.171,30.44,0.575,0,74.132
186.938,32.411,31.098,0.426,1,85.173
178.343,18.835,28.706,3.508,0,74.551
176.176,24.723,37.391,2.329,0,77.838
177.965,13.586,25.497,1.728,0,73.844
163.407,20.341,27.063,2.013,0,77.808
178.945,22.763,30.055,0.863,1,87.083
183.552,24.91,34.395,1.771,0,73.269
202.206,28.838,22.513,1.096,0,71.53
181.032,36.513,23.449,3.102,0,73.558
151.99,30.862,19.811,3.194,1,92.892
178.872,32.697,30.163,2.692,1,86.368
212.874,36.569,24.408,2.475,1,80.324
190.396,29.558,28.077,0.203,1,83.4
170.269,24.706,33.307,2.709,1,87.19
187.093,33.073,26.792,2.755,1,84.935
171.096,33.584,31.156,3.494,1,85.658
163.754,30.189,28.503,4.542,0,77.281
175.82,13.363,33.361,0.031,1,86.013
181.098,18.268,32.376,1.534,1,86.865
157.534,22.801,26.54,1.109,1,90.647
166.21,31.237,29.157,2.207,1,88.365
180.124,24.829,35.219,2.016,0,74.078
175.102,34.095,31.967,1.719,0,75.644
184.738,35.522,23.015,3.233,1,87.612
165.424,34.593,33.278,0.678,0,76.776
188.569,34.644,24.577,0.751,1,84.301
165.795,16.704,37.063,0.771,1,87.458
199.713,28.861,35.12,1.568,0,69.561
159.411,20.14,31.449,0.526,0,78.255
166.889,11.807,30.786,1.942,1,88.251
185.008,22.7,28.955,1.801,0,74.848
199.971,35.598,33.393,1.056,0,72.86
183.781,28.686,28.146,3.049,0,76.725
186.754,41.142,31.178,1.929,1,86.123
180.21,26.418,34.36,3.275,0,74.353
167.683,44.582,27.191,1.766,0,76.091
174.118,26.42,26.919,1.971,0,76.226
165.457,25.18,24.028,1.325,1,88.872
164.655,14.765,24.678,1.992,0,77.063
184.821,33.885,20.858,2.855,0,72.241
166.522,20.983,33.649,1.506,0,77.189
183.835,19.824,39.045,2.622,1,86.098
164.378,35.25,37.127,1.025,0,78.35
183.557,34.266,21.87,2.911,0,73.089
174.136,34.056,33.624,1.304,0,77.607
196.879,22.102,37.111,3.022,1,86.004
183.885,24.592,27.716,2.073,0,72.23
194.829,24.521,30.507,3.825,0,72.592
170.932,31.26,19.961,0.615,1,84.452
180.674,37.429,31.334,0.229,1,87.893
168.227,27.945,24.682,1.261,1,86.186
175.037,40.799,30.998,0.338,0,75.661
176.855,32.178,22.194,0.341,1,85.431
171.29,23.122,32.714,2.746,0,75.732
165.414,31.63,35.123,1.995,1,90.686
163.038,38.648,26.084,1.424,0,75.847
151.923,40.986,24.315,1.536,0,79.697
167.324,34.495,19.22,1.283,1,88.096
187.53,25.205,28.668,3.98,1,86.888
160.818,23.266,27.092,1.117,0,78.121
163.583,29.609,22.245,0.413,0,75.831
201.491,38.392,32.265,2.955,1,82.883
172.362,28.47,27.75,1.741,1,89.738
183.853,28.636,24.621,4.447,0,74.513
187.708,25.411,27.227,1.369,1,83.797
187.95,22.377,35.357,3.015,1,84.759
161.732,23.703,33.015,3.299,0,77.479
177.227,26.083,29.35,1.374,0,74.286
160.581,38.745,33.096,1.108,0,76.823
209.356,23.082,24.195,2.89,0,67.898
160.861,25.421,30.162,2.69,0,79.545
167.426,18.077,30.737,0.307,0,75.827
167.513,30.733,27.651,0.646,0,76.75
162.04,35.933,32.177,1.044,0,78.566
196.231,37.996,26.098,2.714,0,74.725
209.069,26.627,32.549,1.686,0,69.403
174.291,29.595,32.759,1.805,0,77.154
164.155,23.772,15.414,0.03,0,75.731
153.157,29.224,35.952,0.682,1,91.472
177.071,27.512,14.762,1.426,1,86.331
176.204,25.466,26.92,1.193,0,74.028
172.184,26.102,35.127,2.141,1,87.885
182.657,28.615,28.414,2.7,1,87.125
184.742,22.647,22.669,4.724,0,72.078
183.877,23.06,24.531,1.976,0,73.312
176.207,38.659,35.135,3.338,1,89.01
166.781,46.684,20.392,1.004,1,88.611
187.99,15.365,35.645,0.01,0,73.98
180.15,14.924,29.724,1.577,0,73.842
190.66,17.343,24.038,0.083,0,71.525
189.481,24.174,27.084,2.018,0,70.088
162.939,32.166,24.914,1.063,0,77.198
162.789,29.73,34.331,0.345,0,78.444
170.934,26.376,33.662,4.083,0,78.392
167.325,29.231,21.404,1.355,0,77.187
189.063,19.463,27.982,0.035,0,73.687
184.216,23.047,25.684,3.078,1,83.857
193.19,24.839,36.468,1.126,1,84.187
184.758,12.326,23.25,3.308,0,73.911
182.504,15.71,38.021,1.12,1,84.728
194.397,16.027,29.834,1.351,1,84.42
185.637,31.113,24.19,2.414,1,86.342
180.817,26.963,26.614,2.712,0,74.531
197.765,29.888,25.992,2.922,0,70.901
181.382,10.283,23.627,1.892,0,71.766
176.348,13.131,30.474,2.634,0,76.499
169.946,30.306,23.86,2.895,1,88.979
188.436,2.771,19.098,2.241,1,83.411
194.845,34.797,28.102,1.829,0,71.725
179.393,10.413,20.986,0.266,0,73.229
195.695,31.747,26.239,2.719,1,83.989
156.36,17.891,25.454,2.051,0,78.481
179.335,33.391,25.644,1.504,1,87.687
179.519,50.665,40.005,3.533,0,75.588
171.276,6.815,30.282,0.287,0,73.133
208.606,30.563,31.227,3.973,0,69.747
179.206,10.535,21.118,1.973,0,71.134
175.107,28.414,26.73,2.381,1,86.934
180.312,23.346,31.077,1.526,0,73.687
155.966,26.038,24.877,0,0,79.122
170.882,17.707,34.54,1.832,0,78.21
191.799,31.244,23.987,2.402,0,70.017
172.453,13.413,28.568,2.811,0,77.721
170.053,34.933,27.07,1.762,1,88.36
195.714,21.726,30.822,0.631,1,83.833
196.083,13.778,26.798,0.15,1,80.974
186.204,37.759,28.646,4.462,0,75.177
174.539,24.461,28.819,0.689,0,75.341
177.126,40.261,26.328,3.712,0,75.576
170.35,34.771,32.425,0.879,0,74.52
168.063,18.615,31.192,1.781,1,88.314
167.467,24.32,29.557,2.75,1,89.608
172.583,25.968,27.848,1.016,0,75.402
167.583,37.21,33.983,3.911,0,78.976
161.236,28.5,28.821,2.091,0,79.288
182.633,26.41,28.467,2.553,0,73.165
182.815,23.401,30.523,1.679,1,87.738
200.41,24.596,38.483,2.79,0,71.181
171.98,35.437,23.298,3.895,1,88.194
183.553,25.03,33.849,1.842,0,74.073
183.753,21.84,20.534,4.076,1,85.145
176.954,20.484,31.086,1.266,1,83.575
188.932,20.57,37.875,2.917,0,72.698
189.303,13.783,32.443,2.587,1,82.538
183.929,18.997,30.853,0.718,0,75.327
176.932,36.987,27.198,2.257,1,89.435
175.71,23.347,30.155,2.009,0,76.103
163.587,30.635,28.74,0.976,1,89.343
170.329,5.17,26.07,2.43,1,85.545
172.536,29.546,28.551,2.176,1,87.155
166.512,23.709,30.992,1.913,0,79.131
185.279,21.148,26.164,1.918,1,84.196
194.36,26.448,25.969,1.892,0,68.874
169.103,21.033,23.199,1.559,1,89.02
183.401,8.009,31.954,2.168,1,86.667
167.591,32.378,32.727,1.227,0,79.204
176.341,26.944,31.158,5.188,0,76.479
171.716,22.488,34.826,0.309,0,77.424
187.223,17.271,30.439,1.298,1,84.722
171.855,13.241,31.96,1.393,1,84.767
192.14,26.791,31.519,4.449,1,84.432
177.051,37.908,29.542,0.416,0,76.428
172.205,26.625,27.346,2.511,1,87.606
164.96,13.938,41.071,2.298,0,76.78
